303239,Leuconostoc
299516,Leuconostoc
18561,Thiothrix
19111,Thiothrix
46905,Thiothrix
39802,Thiothrix
322502,Thiothrix
333083,Thiothrix
345403,Thiothrix
314658,Thiothrix
324755,Thiothrix
308382,Thiothrix
328944,Thiothrix
311024,Thiothrix
318485,Thiothrix
255730,Thiothrix
237277,Thiothrix
257189,Thiothrix
605803,Thiothrix
648806,Anaerospora
587796,Leptothrix
553576,Leucothrix
310072,Anaerospora
42048,Anaerospora
99168,Anaerospora
1134966,Anaerospora
99006,Anaerospora
151571,Anaerospora
4350096,Anaerospora
162481,Anaerospora
45968,Anaerospora
4412701,Anaerospora
4485189,Anaerospora
4485190,Anaerospora
4485191,Anaerospora
561433,Thiothrix
250201,Leuconostoc
247929,Leuconostoc
580122,Thiothrix
695050,Thiothrix
695759,Thiothrix
2516873,Halomicronema
236684,Leuconostoc
32089,Thiothrix
811287,Anaerospora
807134,Anaerospora
821070,Anaerospora
581582,Anaerospora
551797,Thiothrix
510924,Thiothrix
156084,Thiothrix
109506,Thiothrix
111351,Thiothrix
694869,Leptothrix
4331246,Leptothrix
4090186,Leptothrix
823917,Leuconostoc
4476224,Leuconostoc
218898,Halomicronema
4406195,Leuconostoc
4457253,Leuconostoc
4464508,Leuconostoc
662227,Leuconostoc
105017,Leuconostoc
571026,Leuconostoc
686395,Leuconostoc
572631,Leuconostoc
15102,Leuconostoc
64684,Leuconostoc
580736,Leuconostoc
24274,Leuconostoc
569693,Leuconostoc
65411,Leuconostoc
28880,Leuconostoc
64685,Leuconostoc
365285,Leuconostoc
24935,Leuconostoc
773966,Leuconostoc
779609,Leuconostoc
739958,Leuconostoc
690969,Leuconostoc
625820,Leuconostoc
689063,Leuconostoc
778037,Leuconostoc
618764,Leuconostoc
630624,Leuconostoc
635914,Leuconostoc
677805,Leuconostoc
670594,Leuconostoc
689658,Leuconostoc
551924,Leuconostoc
565989,Leuconostoc
232766,Leuconostoc
4353227,Leuconostoc
723837,Leuconostoc
300469,Leuconostoc
291585,Leuconostoc
297772,Leuconostoc
297735,Leuconostoc
296498,Leuconostoc
288457,Leuconostoc
301520,Leuconostoc
289490,Leuconostoc
292761,Leuconostoc
300329,Leuconostoc
287727,Leuconostoc
302849,Leuconostoc
294671,Leuconostoc
294801,Leuconostoc
291611,Leuconostoc
299821,Leuconostoc
300687,Leuconostoc
296037,Leuconostoc
292069,Leuconostoc
297682,Leuconostoc
297926,Leuconostoc
303262,Leuconostoc
287856,Leuconostoc
287809,Leuconostoc
301427,Leuconostoc
297840,Leuconostoc
294820,Leuconostoc
301590,Leuconostoc
289652,Leuconostoc
293616,Leuconostoc
297633,Leuconostoc
293828,Leuconostoc
292597,Leuconostoc
288675,Leuconostoc
300548,Leuconostoc
294136,Leuconostoc
292874,Leuconostoc
301041,Leuconostoc
303099,Leuconostoc
291151,Leuconostoc
295038,Leuconostoc
300552,Leuconostoc
297927,Leuconostoc
297389,Leuconostoc
302955,Leuconostoc
300803,Leuconostoc
287465,Leuconostoc
303241,Leuconostoc
293745,Leuconostoc
289340,Leuconostoc
300543,Leuconostoc
296584,Leuconostoc
292503,Leuconostoc
299834,Leuconostoc
289534,Leuconostoc
295299,Leuconostoc
303343,Leuconostoc
288308,Leuconostoc
303044,Leuconostoc
296362,Leuconostoc
287429,Leuconostoc
288459,Leuconostoc
296359,Leuconostoc
290279,Leuconostoc
290461,Leuconostoc
302715,Leuconostoc
289108,Leuconostoc
295185,Leuconostoc
302990,Leuconostoc
296460,Leuconostoc
293197,Leuconostoc
287431,Leuconostoc
291842,Leuconostoc
289352,Leuconostoc
301533,Leuconostoc
298475,Leuconostoc
292442,Leuconostoc
301322,Leuconostoc
294891,Leuconostoc
296788,Leuconostoc
287735,Leuconostoc
292759,Leuconostoc
290120,Leuconostoc
288934,Leuconostoc
295439,Leuconostoc
293582,Leuconostoc
302099,Leuconostoc
289169,Leuconostoc
291071,Leuconostoc
300226,Leuconostoc
289697,Leuconostoc
296596,Leuconostoc
288060,Leuconostoc
302459,Leuconostoc
288090,Leuconostoc
291809,Leuconostoc
288038,Leuconostoc
294571,Leuconostoc
298586,Leuconostoc
298508,Leuconostoc
287404,Leuconostoc
299649,Leuconostoc
299237,Leuconostoc
297999,Leuconostoc
292540,Leuconostoc
298236,Leuconostoc
299046,Leuconostoc
288498,Leuconostoc
297471,Leuconostoc
298093,Leuconostoc
298759,Leuconostoc
300453,Leuconostoc
291916,Leuconostoc
299847,Leuconostoc
294767,Leuconostoc
289835,Leuconostoc
300069,Leuconostoc
302665,Leuconostoc
289092,Leuconostoc
297381,Leuconostoc
289849,Leuconostoc
293872,Leuconostoc
301367,Leuconostoc
292945,Leuconostoc
301503,Leuconostoc
297517,Leuconostoc
301428,Leuconostoc
287848,Leuconostoc
298660,Leuconostoc
288785,Leuconostoc
292472,Leuconostoc
291548,Leuconostoc
290046,Leuconostoc
292927,Leuconostoc
297849,Leuconostoc
297288,Leuconostoc
290988,Leuconostoc
295047,Leuconostoc
303154,Leuconostoc
301817,Leuconostoc
294543,Leuconostoc
301154,Leuconostoc
299305,Leuconostoc
291539,Leuconostoc
300197,Leuconostoc
296891,Leuconostoc
302843,Leuconostoc
296520,Leuconostoc
295209,Leuconostoc
300214,Leuconostoc
289275,Leuconostoc
295530,Leuconostoc
298181,Leuconostoc
291219,Leuconostoc
869374,Leuconostoc
380141,Leuconostoc
413138,Leuconostoc
419944,Leuconostoc
458104,Leuconostoc
467119,Leuconostoc
400295,Leuconostoc
436135,Leuconostoc
393205,Leuconostoc
454216,Leuconostoc
398189,Leuconostoc
452708,Leuconostoc
442542,Leuconostoc
407173,Leuconostoc
432699,Leuconostoc
427175,Leuconostoc
4485276,Leuconostoc
4485277,Leuconostoc
842413,Leuconostoc
971266,Lampropedia
940377,Lampropedia
625830,Lampropedia
860535,Lampropedia
708548,Lampropedia
279440,Leptothrix
1093992,Lampropedia
978069,Lampropedia
656827,Lampropedia
1063320,Anaerospora
4448713,Anaerospora
1141987,Lampropedia
4408785,Lampropedia
137154,Lampropedia
3147048,Lampropedia
4449041,Lampropedia
4408786,Lampropedia
4354163,Lampropedia
4408788,Lampropedia
4428329,Beggiatoa
4475423,Leptothrix
806493,Leucothrix
60453,Thioploca
4473713,Leuconostoc
4199969,Leuconostoc
701129,Leuconostoc
32872,Leuconostoc
214461,Leuconostoc
3442886,Leuconostoc
4478254,Leuconostoc
981388,Leuconostoc
3025805,Leptothrix
4186766,Leptothrix
282872,Thiothrix
2584800,Thiothrix
2584801,Thiothrix
257218,Thiothrix
173536,Thiothrix
4325443,Thiothrix
301518,Leuconostoc
326132,Thiothrix
703883,Leucothrix
264855,Anaerospora
91412,Leptothrix
4325446,Thiothrix
4478435,Thiothrix
811507,Thiothrix
2089381,Thiothrix
141633,Anaerospora
4295038,Anaerospora
61951,Anaerospora
4404735,Leptothrix
554609,Thiothrix
4448999,Halomicronema
256101,Halomicronema
2785329,Anaerospora
300426,Anaerospora
247721,Anaerospora
241354,Anaerospora
255716,Anaerospora
363305,Leuconostoc
168613,Leptothrix
1105109,Leptothrix
4360236,Anaerospora
4480546,Anaerospora
4401705,Anaerospora
1556217,Anaerospora
812797,Anaerospora
1141116,Anaerospora
2629148,Anaerospora
813375,Anaerospora
253055,Anaerospora
136023,Anaerospora
136024,Anaerospora
136004,Anaerospora
1123764,Anaerospora
135903,Anaerospora
1133303,Anaerospora
135757,Anaerospora
345534,Anaerospora
320216,Anaerospora
271194,Anaerospora
369012,Halomicronema
4452118,Leptothrix
751011,Anaerospora
1107694,Thiothrix
1110061,Leptothrix
137060,Leptothrix
583778,Leptothrix
544367,Anaerospora
252067,Anaerospora
238867,Anaerospora
152081,Anaerospora
155562,Anaerospora
4415555,Anaerospora
4462476,Anaerospora
4462472,Anaerospora
807014,Anaerospora
257398,Halomicronema
838418,Leptothrix
239251,Leptothrix
251601,Thiothrix
312648,Thiothrix
75332,Anaerospora
103282,Anaerospora
2592832,Anaerospora
570054,Anaerospora
738826,Anaerospora
511057,Anaerospora
710042,Anaerospora
238105,Halomicronema
243470,Halomicronema
223551,Halomicronema
4361313,Leuconostoc
822647,Anaerospora
3631840,Anaerospora
240707,Anaerospora
141036,Anaerospora
142188,Anaerospora
144434,Anaerospora
141690,Anaerospora
141228,Anaerospora
141940,Anaerospora
141452,Anaerospora
141686,Anaerospora
143781,Anaerospora
141213,Anaerospora
144256,Anaerospora
143048,Anaerospora
142628,Anaerospora
141985,Anaerospora
141839,Anaerospora
141823,Anaerospora
142400,Anaerospora
143627,Anaerospora
140997,Anaerospora
144896,Anaerospora
141076,Anaerospora
143500,Anaerospora
715554,Anaerospora
48257,Anaerospora
349209,Anaerospora
3570535,Anaerospora
4341038,Anaerospora
4457350,Anaerospora
4341035,Anaerospora
586481,Thiothrix
314848,Thiothrix
4369596,Halomicronema
3581327,Halomicronema
4424053,Halomicronema
4442719,Halomicronema
250274,Leptothrix
29316,Thiothrix
18257,Thiothrix
31294,Thiothrix
47122,Thiothrix
673161,Thiothrix
34556,Thiothrix
30988,Thiothrix
71364,Thiothrix
4362672,Thiothrix
4486308,Thiothrix
2618265,Anaerospora
246287,Halomicronema
4447873,Halomicronema
102284,Thiothrix
553442,Thiothrix
571714,Thiothrix
558509,Thiothrix
509508,Thiothrix
566206,Thiothrix
570002,Thiothrix
589491,Thiothrix
562307,Thiothrix
574922,Thiothrix
560164,Thiothrix
579937,Thiothrix
511712,Thiothrix
579804,Thiothrix
592299,Thiothrix
241210,Thiothrix
247287,Thiothrix
245691,Thiothrix
257771,Thiothrix
334277,Halomicronema
593797,Thiothrix
240308,Leuconostoc
249310,Leuconostoc
1120345,Leuconostoc
248008,Leuconostoc
627580,Leuconostoc
4324583,Leuconostoc
4328759,Leuconostoc
823876,Leuconostoc
67809,Leuconostoc
288528,Leuconostoc
100203,Anaerospora
99902,Thiothrix
315506,Leuconostoc
2458082,Anaerospora
166987,Anaerospora
163347,Anaerospora
1140403,Anaerospora
138722,Anaerospora
4340779,Anaerospora
637819,Anaerospora
732081,Anaerospora
533559,Anaerospora
254563,Anaerospora
135269,Anaerospora
291149,Leuconostoc
7510,Beggiatoa
111119,Beggiatoa
569903,Beggiatoa
543714,Thiothrix
1108781,Halomicronema
4340971,Halomicronema
2794502,Halomicronema
4334589,Leucothrix
4345920,Leucothrix
4325447,Thiothrix
4325441,Thiothrix
241583,Thiothrix
244475,Thiothrix
255817,Thiothrix
253452,Thiothrix
238159,Thiothrix
3961246,Thiothrix
1111715,Thiothrix
4325440,Thiothrix
4308815,Thiothrix
3961243,Thiothrix
4325442,Thiothrix
252287,Leptothrix
190163,Leptothrix
302869,Leuconostoc
75890,Anaerospora
4322174,Leuconostoc
4340319,Leuconostoc
4398018,Leuconostoc
24282,Leuconostoc
726566,Leuconostoc
1037304,Leuconostoc
985503,Leuconostoc
995951,Leuconostoc
897503,Leuconostoc
421835,Leuconostoc
450029,Leuconostoc
969732,Leuconostoc
453807,Leuconostoc
239141,Thiothrix
102537,Anaerospora
251243,Leuconostoc
4263048,Leuconostoc
4371642,Leuconostoc
784237,Leuconostoc
4411809,Leuconostoc
2869658,Leuconostoc
803218,Leuconostoc
824744,Leuconostoc
809276,Leuconostoc
807641,Leuconostoc
817020,Leuconostoc
806772,Leuconostoc
657873,Leuconostoc
692560,Leuconostoc
750649,Leuconostoc
725544,Leuconostoc
625169,Leuconostoc
4334544,Leuconostoc
581167,Leuconostoc
818768,Leuconostoc
804848,Leuconostoc
2784672,Leptothrix
1107921,Leucothrix
1109295,Leucothrix
151073,Thiothrix
153509,Thiothrix
321301,Thioploca
7655,Thiothrix
4362671,Thiothrix
4486218,Thiothrix
7656,Thiothrix
60454,Thioploca
60456,Thioploca
60452,Thioploca
60455,Beggiatoa
60451,Beggiatoa
1646161,Thiothrix
1646160,Thiothrix
1646159,Thiothrix
1528859,Thiothrix
1528869,Thiothrix
1528868,Thiothrix
1528867,Thiothrix
1528866,Thiothrix
4445361,Thiothrix
3671696,Thiothrix
3024295,Thiothrix
4445362,Thiothrix
3874929,Thiothrix
2967984,Thiothrix
2967983,Thiothrix
2967979,Thiothrix
2967978,Thiothrix
321339,Thiothrix
324869,Thiothrix
350061,Thiothrix
327086,Thiothrix
315591,Thiothrix
310180,Thiothrix
321035,Thiothrix
330853,Thiothrix
331518,Thiothrix
305692,Thiothrix
350485,Thiothrix
320122,Thiothrix
326406,Thiothrix
340752,Thiothrix
332760,Thiothrix
342103,Thiothrix
341159,Thiothrix
303458,Thiothrix
324688,Thiothrix
342667,Thiothrix
350637,Thiothrix
1528865,Thiothrix
4445360,Thiothrix
3874934,Thiothrix
318354,Thiothrix
2360988,Thiothrix
3671683,Thiothrix
303895,Thiothrix
3256254,Halomicronema
3175681,Halomicronema
256685,Anaerospora
248768,Anaerospora
4334073,Anaerospora
4340215,Leptothrix
744913,Thiothrix
4166892,Leptothrix
3996592,Leptothrix
2974204,Leptothrix
152027,Leptothrix
154842,Leptothrix
156039,Leptothrix
7118,Leptothrix
68337,Leptothrix
534424,Leptothrix
7115,Leptothrix
7122,Leptothrix
150384,Leptothrix
194580,Leptothrix
165250,Leptothrix
609591,Leptothrix
4387324,Leptothrix
4484692,Leptothrix
1528863,Thiothrix
2700,Chlorobium
278517,Halomicronema
252241,Halomicronema
52706,Halomicronema
136152,Halomicronema
4440500,Halomicronema
4309185,Halomicronema
4324848,Halomicronema
4459665,Halomicronema
4434060,Halomicronema
255059,Thiothrix
7509,Thioploca
3329860,Leptothrix
304742,Thiothrix
292281,Leuconostoc
64686,Leuconostoc
1010560,Leuconostoc
620430,Leptothrix
4405160,Leptothrix
829321,Leptothrix
508844,Anaerospora
4454211,Anaerospora
1597160,Anaerospora
4453403,Leuconostoc
1641121,Leuconostoc
2791652,Leuconostoc
3369391,Leuconostoc
4422663,Leuconostoc
235559,Leuconostoc
630231,Leuconostoc
802261,Leuconostoc
141773,Leuconostoc
143322,Leuconostoc
141780,Leuconostoc
593036,Leuconostoc
661779,Leuconostoc
655219,Leuconostoc
4361017,Leuconostoc
15110,Leuconostoc
15111,Leuconostoc
238348,Leuconostoc
553432,Leuconostoc
4405804,Leuconostoc
1726619,Leuconostoc
586770,Leuconostoc
348252,Leuconostoc
1773187,Leuconostoc
1109683,Leuconostoc
591330,Leuconostoc
544845,Leuconostoc
547883,Leuconostoc
245787,Leuconostoc
623061,Leuconostoc
588957,Leuconostoc
753175,Leuconostoc
534990,Leuconostoc
592202,Leuconostoc
586674,Leuconostoc
609891,Leuconostoc
587707,Leuconostoc
544790,Leuconostoc
364523,Leuconostoc
4385826,Leuconostoc
589828,Leuconostoc
536075,Leuconostoc
4405803,Leuconostoc
765940,Leuconostoc
44146,Leuconostoc
267454,Leuconostoc
557730,Leuconostoc
319117,Leuconostoc
744091,Leuconostoc
292900,Leuconostoc
4376683,Leuconostoc
258157,Leuconostoc
303096,Leuconostoc
15112,Leuconostoc
75964,Leuconostoc
4465541,Leuconostoc
226092,Leuconostoc
4376682,Leuconostoc
249922,Leuconostoc
4376681,Leuconostoc
710359,Leuconostoc
4440590,Leuconostoc
1118987,Leuconostoc
765173,Leuconostoc
651155,Leuconostoc
570950,Leuconostoc
606744,Leuconostoc
319190,Leuconostoc
305359,Leuconostoc
335441,Leuconostoc
348552,Leuconostoc
341977,Leuconostoc
316129,Leuconostoc
244882,Leuconostoc
4439300,Leuconostoc
4393673,Leuconostoc
422394,Leuconostoc
339755,Leuconostoc
4299799,Leuconostoc
544301,Leuconostoc
607290,Leuconostoc
833159,Leuconostoc
4432099,Leuconostoc
4307158,Leuconostoc
4335878,Leuconostoc
1035237,Leuconostoc
965323,Leuconostoc
787743,Leuconostoc
466618,Leuconostoc
429943,Leuconostoc
419018,Leuconostoc
458820,Leuconostoc
406828,Leuconostoc
385300,Leuconostoc
4352684,Leptothrix
594111,Leptothrix
2360892,Thiothrix
252006,Leucothrix
1123562,Leucothrix
307237,Thioploca
1120531,Anaerospora
237081,Leuconostoc
1110354,Leucothrix
55371,Anaerospora
275884,Anaerospora
308896,Anaerospora
4214542,Anaerospora
4335546,Anaerospora
835446,Anaerospora
1105712,Leucothrix
4410258,Leucothrix
4330340,Bombiscardovia
246692,Leuconostoc
240998,Leuconostoc
246744,Leuconostoc
592022,Leuconostoc
141970,Leuconostoc
570537,Leuconostoc
4383886,Leuconostoc
4432254,Leuconostoc
815216,Leuconostoc
811158,Leuconostoc
823799,Leuconostoc
815070,Leuconostoc
813125,Leuconostoc
824301,Leuconostoc
714090,Leuconostoc
538932,Leuconostoc
543681,Leuconostoc
806115,Leuconostoc
810137,Leuconostoc
4376243,Leuconostoc
230630,Leuconostoc
228837,Leuconostoc
824149,Leuconostoc
259151,Leuconostoc
229074,Leuconostoc
238676,Leuconostoc
4445667,Leuconostoc
252222,Leuconostoc
1131732,Leuconostoc
4359208,Leuconostoc
45789,Leuconostoc
33805,Leuconostoc
33861,Leuconostoc
4359209,Leuconostoc
50225,Leuconostoc
4385939,Leuconostoc
15103,Leuconostoc
312330,Leuconostoc
246226,Leuconostoc
533637,Leuconostoc
15104,Leuconostoc
311678,Leuconostoc
4306086,Leuconostoc
4387777,Leuconostoc
4396232,Leuconostoc
834614,Leuconostoc
236462,Leuconostoc
4326505,Leuconostoc
4396231,Leuconostoc
559655,Leuconostoc
262911,Leuconostoc
827117,Leuconostoc
509561,Leuconostoc
1117309,Leuconostoc
559344,Leuconostoc
654853,Leuconostoc
4398411,Leuconostoc
1115707,Leuconostoc
1119542,Leuconostoc
1120141,Leuconostoc
341233,Leuconostoc
3056016,Leuconostoc
336209,Leuconostoc
241340,Leuconostoc
817208,Leuconostoc
822400,Leuconostoc
802292,Leuconostoc
664072,Leuconostoc
823158,Leuconostoc
792991,Leuconostoc
770033,Leuconostoc
747198,Leuconostoc
711905,Leuconostoc
670624,Leuconostoc
642064,Leuconostoc
546931,Leuconostoc
2911753,Leuconostoc
4028236,Leuconostoc
4028239,Leuconostoc
4351476,Leuconostoc
4351475,Leuconostoc
4458316,Leuconostoc
2852325,Leuconostoc
3674463,Leuconostoc
4028238,Leuconostoc
4360839,Leuconostoc
672945,Leuconostoc
656773,Leuconostoc
812744,Leuconostoc
610289,Leuconostoc
621429,Leuconostoc
697468,Leuconostoc
774048,Leuconostoc
621343,Leuconostoc
722849,Leuconostoc
705180,Leuconostoc
665032,Leuconostoc
610164,Leuconostoc
712327,Leuconostoc
1104815,Leuconostoc
4374630,Leuconostoc
1105030,Leuconostoc
818576,Leuconostoc
817989,Leuconostoc
810111,Leuconostoc
742538,Leuconostoc
751035,Leuconostoc
654797,Leuconostoc
708430,Leuconostoc
654458,Leuconostoc
781486,Leuconostoc
682491,Leuconostoc
747140,Leuconostoc
605136,Leuconostoc
799294,Leuconostoc
699244,Leuconostoc
801200,Leuconostoc
771819,Leuconostoc
678193,Leuconostoc
810948,Leuconostoc
823015,Leuconostoc
657149,Leuconostoc
808240,Leuconostoc
721372,Leuconostoc
777888,Leuconostoc
774082,Leuconostoc
796794,Leuconostoc
614461,Leuconostoc
722396,Leuconostoc
700825,Leuconostoc
771978,Leuconostoc
677946,Leuconostoc
628719,Leuconostoc
809613,Leuconostoc
823543,Leuconostoc
812765,Leuconostoc
799322,Leuconostoc
694338,Leuconostoc
639200,Leuconostoc
623219,Leuconostoc
684981,Leuconostoc
606259,Leuconostoc
630935,Leuconostoc
736225,Leuconostoc
808462,Leuconostoc
822224,Leuconostoc
701656,Leuconostoc
708897,Leuconostoc
784615,Leuconostoc
788185,Leuconostoc
625586,Leuconostoc
646987,Leuconostoc
807773,Leuconostoc
819284,Leuconostoc
786845,Leuconostoc
650357,Leuconostoc
798637,Leuconostoc
626968,Leuconostoc
628596,Leuconostoc
648927,Leuconostoc
757027,Leuconostoc
652692,Leuconostoc
735373,Leuconostoc
677025,Leuconostoc
719477,Leuconostoc
729754,Leuconostoc
795956,Leuconostoc
640939,Leuconostoc
816030,Leuconostoc
805460,Leuconostoc
816897,Leuconostoc
781925,Leuconostoc
715839,Leuconostoc
759893,Leuconostoc
661800,Leuconostoc
824085,Leuconostoc
633277,Leuconostoc
674800,Leuconostoc
732961,Leuconostoc
709717,Leuconostoc
824404,Leuconostoc
745744,Leuconostoc
819819,Leuconostoc
630517,Leuconostoc
717243,Leuconostoc
705025,Leuconostoc
818904,Leuconostoc
720700,Leuconostoc
608618,Leuconostoc
813322,Leuconostoc
799703,Leuconostoc
731714,Leuconostoc
688915,Leuconostoc
709103,Leuconostoc
736707,Leuconostoc
613534,Leuconostoc
807152,Leuconostoc
817434,Leuconostoc
625350,Leuconostoc
788301,Leuconostoc
684418,Leuconostoc
820324,Leuconostoc
818906,Leuconostoc
823850,Leuconostoc
605639,Leuconostoc
803418,Leuconostoc
633918,Leuconostoc
763190,Leuconostoc
743449,Leuconostoc
819343,Leuconostoc
815366,Leuconostoc
692224,Leuconostoc
823934,Leuconostoc
823062,Leuconostoc
656084,Leuconostoc
823354,Leuconostoc
651098,Leuconostoc
558787,Leuconostoc
806312,Leuconostoc
658489,Leuconostoc
768454,Leuconostoc
817288,Leuconostoc
727685,Leuconostoc
690332,Leuconostoc
752735,Leuconostoc
821564,Leuconostoc
820378,Leuconostoc
811869,Leuconostoc
814995,Leuconostoc
817120,Leuconostoc
535388,Leuconostoc
813620,Leuconostoc
810981,Leuconostoc
822055,Leuconostoc
820349,Leuconostoc
805858,Leuconostoc
805989,Leuconostoc
809958,Leuconostoc
811821,Leuconostoc
812546,Leuconostoc
821693,Leuconostoc
816432,Leuconostoc
811856,Leuconostoc
821258,Leuconostoc
811537,Leuconostoc
808000,Leuconostoc
819974,Leuconostoc
4334554,Leuconostoc
810256,Leuconostoc
810176,Leuconostoc
4334545,Leuconostoc
692041,Leuconostoc
560039,Leuconostoc
547955,Leuconostoc
808340,Leuconostoc
573442,Leuconostoc
752262,Leuconostoc
691208,Leuconostoc
4334553,Leuconostoc
4334546,Leuconostoc
4334548,Leuconostoc
540907,Leuconostoc
164106,Leuconostoc
164873,Leuconostoc
168988,Leuconostoc
533543,Leuconostoc
4456742,Leuconostoc
646903,Leuconostoc
589432,Leuconostoc
666483,Leuconostoc
4340885,Leuconostoc
766237,Leuconostoc
590359,Leuconostoc
537436,Leuconostoc
378074,Leuconostoc
4326488,Leuconostoc
4326489,Leuconostoc
4440392,Leuconostoc
3577074,Leuconostoc
539665,Leuconostoc
4400864,Leuconostoc
2433319,Leuconostoc
4326519,Leuconostoc
4326700,Leuconostoc
4447780,Leuconostoc
4439185,Leuconostoc
4326490,Leuconostoc
612250,Leuconostoc
717548,Leuconostoc
4326516,Leuconostoc
4368976,Leuconostoc
4368974,Leuconostoc
1118233,Leuconostoc
4376678,Leuconostoc
654004,Leuconostoc
585103,Leuconostoc
812592,Leuconostoc
703294,Leuconostoc
4380804,Leuconostoc
4380805,Leuconostoc
1109819,Leuconostoc
4476222,Leuconostoc
4442662,Anaerospora
1859175,Halomicronema
1868691,Lampropedia
4408787,Lampropedia
775322,Lampropedia
784261,Lampropedia
796589,Lampropedia
742069,Lampropedia
653037,Lampropedia
767649,Lampropedia
660542,Lampropedia
773787,Lampropedia
766170,Lampropedia
794419,Lampropedia
688936,Lampropedia
763784,Lampropedia
735301,Lampropedia
625771,Lampropedia
631740,Lampropedia
645790,Lampropedia
652325,Lampropedia
689850,Lampropedia
775190,Lampropedia
745148,Lampropedia
776813,Lampropedia
740072,Lampropedia
739496,Lampropedia
679799,Lampropedia
669460,Lampropedia
755166,Lampropedia
779669,Lampropedia
672444,Lampropedia
761733,Lampropedia
664755,Lampropedia
744554,Lampropedia
705107,Lampropedia
673759,Lampropedia
918115,Lampropedia
914366,Lampropedia
965531,Lampropedia
739778,Lampropedia
920596,Lampropedia
671963,Lampropedia
513774,Thiothrix
1719005,Thiothrix
4441382,Thiothrix
560293,Anaerospora
713490,Anaerospora
2695,Pelodictyon
280095,Thiothrix
907363,Thiothrix
808712,Thiothrix
145070,Thiothrix
145564,Thiothrix
145353,Thiothrix
149716,Thiothrix
162983,Thiothrix
575931,Thiothrix
73639,Beggiatoa
727781,Thiothrix
762338,Leptothrix
796102,Leptothrix
3711798,Anaerospora
84651,Beggiatoa
686847,Anaerospora
709460,Anaerospora
4442655,Anaerospora
565537,Leuconostoc
1093533,Beggiatoa
73128,Anaerospora
537512,Anaerospora
1135949,Anaerospora
4415556,Anaerospora
766563,Leuconostoc
4296932,Anaerospora
722795,Thiothrix
43111,Thiothrix
772920,Thiothrix
1122225,Leptothrix
114783,Leptothrix
1851173,Leptothrix
650075,Leptothrix
887405,Beggiatoa
255970,Thiothrix
250229,Thiothrix
4325444,Thiothrix
367349,Leptothrix
940505,Leptothrix
3308175,Thioploca
3854077,Halomicronema
243796,Halomicronema
335887,Leuconostoc
3514716,Leptothrix
4395451,Halomicronema
4407889,Leucothrix
7652,Leucothrix
4365141,Leuconostoc
349734,Leuconostoc
822394,Leuconostoc
549968,Anaerospora
140852,Anaerospora
368141,Halomicronema
170549,Anaerospora
4325692,Anaerospora
4485410,Anaerospora
3915523,Halomicronema
4332013,Anaerospora
4300299,Anaerospora
565016,Thiothrix
564802,Thiothrix
4416706,Halomicronema
573955,Beggiatoa
552446,Thiothrix
2584807,Thiothrix
2584808,Thiothrix
3339644,Thiothrix
3339643,Thiothrix
3339641,Thiothrix
3568685,Thiothrix
3339639,Thiothrix
3339637,Thiothrix
4453299,Thiothrix
1528860,Thiothrix
1528864,Thiothrix
1528862,Thiothrix
3568683,Thiothrix
2967980,Thiothrix
2584809,Thiothrix
3339638,Thiothrix
3568682,Thiothrix
4453294,Thiothrix
4453302,Thiothrix
4453303,Thiothrix
4453300,Thiothrix
4453301,Thiothrix
4453298,Thiothrix
1646164,Thiothrix
1646163,Thiothrix
1646158,Thiothrix
1646157,Thiothrix
3339642,Thiothrix
4453295,Thiothrix
76342,Anaerospora
254021,Leuconostoc
252339,Leuconostoc
2449975,Thiothrix
4432125,Leucothrix
587602,Anaerospora
109260,Thiothrix
244988,Leptothrix
1000635,Thioploca
4337552,Thioploca
4466368,Leuconostoc
1108709,Leuconostoc
192988,Leuconostoc
105786,Leuconostoc
4100295,Leuconostoc
4447571,Leuconostoc
3299018,Leuconostoc
257430,Leuconostoc
546379,Leuconostoc
325826,Leuconostoc
345546,Leuconostoc
213876,Leuconostoc
213570,Leuconostoc
211153,Leuconostoc
64385,Leuconostoc
1113664,Leuconostoc
813034,Leuconostoc
821424,Leuconostoc
41680,Leuconostoc
567102,Leuconostoc
3035855,Leuconostoc
1104856,Leuconostoc
4430236,Leuconostoc
4422346,Leuconostoc
817012,Leuconostoc
568942,Leuconostoc
160619,Leuconostoc
328772,Leuconostoc
684657,Leuconostoc
4213029,Leuconostoc
253688,Leuconostoc
112814,Leuconostoc
4398021,Leuconostoc
24435,Leuconostoc
807535,Leuconostoc
822774,Leuconostoc
260597,Leuconostoc
819303,Leuconostoc
4321288,Leuconostoc
4450706,Leuconostoc
835053,Leuconostoc
329208,Leuconostoc
1110672,Leuconostoc
4454525,Leuconostoc
2574873,Leuconostoc
272540,Leuconostoc
511195,Leuconostoc
4450707,Leuconostoc
3631845,Leuconostoc
3577745,Leuconostoc
3577746,Leuconostoc
835760,Leuconostoc
830641,Leuconostoc
825728,Leuconostoc
835418,Leuconostoc
832758,Leuconostoc
835381,Leuconostoc
1113413,Leuconostoc
275718,Leuconostoc
673021,Leuconostoc
3631847,Leuconostoc
329473,Leuconostoc
337944,Leuconostoc
4335195,Leuconostoc
315407,Leuconostoc
1109974,Leuconostoc
4336016,Leuconostoc
177281,Leuconostoc
3016196,Leuconostoc
193258,Leuconostoc
851761,Leuconostoc
470687,Leuconostoc
693248,Leuconostoc
699557,Leuconostoc
811143,Leuconostoc
715006,Leuconostoc
653607,Leuconostoc
817936,Leuconostoc
685966,Leuconostoc
615045,Leuconostoc
805075,Leuconostoc
734743,Leuconostoc
172454,Leuconostoc
813977,Leuconostoc
811431,Leuconostoc
715935,Leuconostoc
625971,Leuconostoc
817311,Leuconostoc
806015,Leuconostoc
703526,Leuconostoc
801464,Leuconostoc
700870,Leuconostoc
814651,Leuconostoc
809672,Leuconostoc
817164,Leuconostoc
787387,Leuconostoc
817381,Leuconostoc
821125,Leuconostoc
822681,Leuconostoc
809237,Leuconostoc
4449856,Leuconostoc
820699,Leuconostoc
810917,Leuconostoc
808125,Leuconostoc
820557,Leuconostoc
823222,Leuconostoc
816824,Leuconostoc
811639,Leuconostoc
782096,Leuconostoc
807080,Leuconostoc
821280,Leuconostoc
810537,Leuconostoc
4407601,Leuconostoc
4447570,Leuconostoc
4447572,Leuconostoc
1759073,Leuconostoc
2072697,Leuconostoc
330612,Leuconostoc
300796,Leuconostoc
295630,Leuconostoc
4413622,Leuconostoc
969028,Leuconostoc
377576,Leuconostoc
831272,Thiothrix
4429309,Thiothrix
301357,Leuconostoc
5781,Anaerospora
249050,Thiothrix
251614,Thiothrix
243581,Thiothrix
256846,Thiothrix
237154,Thiothrix
245341,Thiothrix
249125,Thiothrix
294630,Leuconostoc
459923,Leuconostoc
262526,Anaerospora
270001,Anaerospora
263651,Anaerospora
168284,Anaerospora
542690,Thiothrix
717207,Pelodictyon
627383,Pelodictyon
612916,Pelodictyon
552832,Anaerospora
103542,Anaerospora
103674,Anaerospora
4433211,Anaerospora
4485880,Anaerospora
4420457,Leptothrix
814767,Thiothrix
593175,Thioploca
553720,Thioploca
555187,Thioploca
763362,Leuconostoc
574566,Thiothrix
781453,Thiothrix
620152,Thiothrix
539756,Thiothrix
562790,Thiothrix
540165,Thiothrix
673422,Thiothrix
783468,Thiothrix
680323,Thiothrix
2430087,Thiothrix
4372866,Thiothrix
7511,Beggiatoa
1109410,Beggiatoa
1097802,Beggiatoa
1003168,Beggiatoa
1051660,Beggiatoa
1125885,Anaerospora
185022,Leptothrix
512212,Anaerospora
4403483,Anaerospora
1597159,Anaerospora
1546669,Leuconostoc
4334547,Leuconostoc
828173,Leuconostoc
4413623,Leuconostoc
4413615,Leuconostoc
4436464,Leuconostoc
4435452,Leuconostoc
4373363,Leuconostoc
4373360,Leuconostoc
4435446,Leuconostoc
1084179,Leuconostoc
926519,Leuconostoc
1055766,Leuconostoc
996215,Leuconostoc
953285,Leuconostoc
712555,Leuconostoc
700917,Leuconostoc
406314,Leuconostoc
434966,Leuconostoc
900186,Leuconostoc
640941,Leuconostoc
442323,Leuconostoc
391632,Leuconostoc
409315,Leuconostoc
452394,Leuconostoc
377267,Leuconostoc
378394,Leuconostoc
410594,Leuconostoc
408079,Leuconostoc
375567,Leuconostoc
389178,Leuconostoc
393847,Leuconostoc
403028,Leuconostoc
421183,Leuconostoc
377640,Leuconostoc
391603,Leuconostoc
438713,Leuconostoc
398808,Leuconostoc
389462,Leuconostoc
408203,Leuconostoc
437396,Leuconostoc
454051,Leuconostoc
393248,Leuconostoc
374159,Leuconostoc
375820,Leuconostoc
402319,Leuconostoc
426493,Leuconostoc
374763,Leuconostoc
408527,Leuconostoc
393314,Leuconostoc
414105,Leuconostoc
449976,Leuconostoc
461168,Leuconostoc
413796,Leuconostoc
454821,Leuconostoc
409854,Leuconostoc
388043,Leuconostoc
414971,Leuconostoc
416165,Leuconostoc
381674,Leuconostoc
451229,Leuconostoc
394247,Leuconostoc
382861,Leuconostoc
385963,Leuconostoc
424879,Leuconostoc
461949,Leuconostoc
384086,Leuconostoc
417177,Leuconostoc
422907,Leuconostoc
380426,Leuconostoc
393693,Leuconostoc
450556,Leuconostoc
452417,Leuconostoc
388626,Leuconostoc
4478799,Leuconostoc
423020,Leuconostoc
445530,Leuconostoc
414983,Leuconostoc
538250,Leptothrix
250795,Leuconostoc
4344783,Leptothrix
775501,Beggiatoa
4339237,Halomicronema
4482944,Leuconostoc
561956,Leuconostoc
242651,Anaerospora
682903,Bombiscardovia
4337725,Bombiscardovia
4413412,Bombiscardovia
4337041,Bombiscardovia
1106157,Thiothrix
549506,Anaerospora
143806,Pelodictyon
143111,Pelodictyon
4357500,Leptothrix
258496,Leptothrix
7171,Leptothrix
7170,Leptothrix
1120406,Leptothrix
4044329,Leptothrix
3046302,Leptothrix
4420902,Leptothrix
2301126,Leptothrix
4458511,Thiothrix
1145014,Thiothrix
4336435,Thiothrix
836393,Thiothrix
834561,Thiothrix
826534,Thiothrix
567460,Thiothrix
581240,Thiothrix
591664,Thiothrix
539521,Thiothrix
752751,Thiothrix
552578,Thiothrix
547941,Thiothrix
510268,Thiothrix
512950,Thiothrix
571132,Thiothrix
799909,Thiothrix
553577,Thiothrix
536815,Thiothrix
674805,Thiothrix
556949,Thiothrix
560481,Thiothrix
543656,Thiothrix
548296,Thiothrix
701815,Thiothrix
550304,Thiothrix
558228,Thiothrix
686044,Thiothrix
670134,Thiothrix
509274,Thiothrix
555097,Thiothrix
750037,Thiothrix
546607,Thiothrix
550127,Thiothrix
544463,Thiothrix
539466,Thiothrix
559998,Thiothrix
580826,Thiothrix
589389,Thiothrix
552966,Thiothrix
543897,Thiothrix
559272,Thiothrix
572652,Thiothrix
563991,Thiothrix
582725,Thiothrix
535527,Thiothrix
553520,Thiothrix
589818,Thiothrix
562890,Thiothrix
549115,Thiothrix
538990,Thiothrix
546737,Thiothrix
581202,Thiothrix
577028,Thiothrix
581244,Thiothrix
552972,Thiothrix
565200,Thiothrix
542705,Thiothrix
536170,Thiothrix
533739,Thiothrix
145258,Thiothrix
690516,Thiothrix
546077,Thiothrix
709466,Thiothrix
748734,Thiothrix
509540,Thiothrix
591203,Thiothrix
542095,Thiothrix
815994,Thiothrix
922902,Thiothrix
822872,Thiothrix
584308,Thiothrix
569506,Thiothrix
590772,Thiothrix
584677,Thiothrix
580038,Thiothrix
324010,Thiothrix
1107449,Thiothrix
667338,Thiothrix
109874,Thiothrix
111010,Thiothrix
110661,Thiothrix
110033,Thiothrix
110189,Thiothrix
109595,Thiothrix
110160,Thiothrix
111290,Thiothrix
86244,Thiothrix
4356926,Thiothrix
300846,Leuconostoc
731149,Thiothrix
788035,Thiothrix
709457,Thiothrix
612710,Thiothrix
674229,Thiothrix
616195,Thiothrix
554857,Thiothrix
721509,Thiothrix
766408,Thiothrix
242781,Halomicronema
637607,Leptothrix
243420,Bombiscardovia
4463856,Leuconostoc
535246,Thiothrix
4441679,Leptothrix
892643,Leptothrix
980074,Leptothrix
854821,Leptothrix
883226,Leptothrix
1003394,Leptothrix
1070602,Leptothrix
1007070,Leptothrix
873755,Leptothrix
928091,Leptothrix
879545,Leptothrix
1024807,Leptothrix
931269,Leptothrix
1069042,Leptothrix
1058150,Leptothrix
898781,Leptothrix
1059593,Leptothrix
871599,Leptothrix
1031704,Leptothrix
1037539,Leptothrix
1052015,Leptothrix
1058801,Leptothrix
671998,Leptothrix
971412,Leptothrix
771030,Leptothrix
801192,Leptothrix
3703177,Halomicronema
4414991,Halomicronema
540940,Leuconostoc
4432667,Leptothrix
129997,Leptothrix
3930487,Beggiatoa
3308177,Beggiatoa
143358,Anaerospora
142932,Anaerospora
4336180,Leucothrix
533744,Halomicronema
590054,Halomicronema
1110307,Thiothrix
315132,Thioploca
178235,Thioploca
4483109,Thioploca
62226,Thioploca
67230,Thioploca
690966,Anaerospora
288967,Anaerospora
295528,Anaerospora
166744,Anaerospora
1105492,Leptothrix
105081,Lampropedia
4395309,Lampropedia
96749,Lampropedia
99805,Lampropedia
64300,Lampropedia
1726624,Lampropedia
84310,Lampropedia
1140366,Anaerospora
546547,Thiothrix
18746,Thiothrix
1923328,Thiothrix
263835,Thiothrix
262241,Thiothrix
266844,Thiothrix
569936,Thiothrix
4352227,Thiothrix
3961244,Thiothrix
4325445,Thiothrix
2584802,Thiothrix
2584803,Thiothrix
2584804,Thiothrix
2584805,Thiothrix
2584806,Thiothrix
4453296,Thiothrix
4453297,Thiothrix
1646153,Thiothrix
1646152,Thiothrix
1646162,Thiothrix
1107122,Thiothrix
1104872,Thiothrix
586903,Thiothrix
543816,Thiothrix
575959,Thiothrix
237722,Thiothrix
248769,Thiothrix
252602,Thiothrix
206210,Thiothrix
204963,Thiothrix
211830,Thiothrix
214037,Thiothrix
208725,Thiothrix
204913,Thiothrix
210081,Thiothrix
206354,Thiothrix
205818,Thiothrix
4315460,Thiothrix
212224,Thiothrix
210564,Thiothrix
539874,Thiothrix
218263,Thiothrix
698822,Thiothrix
612091,Thiothrix
140619,Anaerospora
139736,Anaerospora
154907,Anaerospora
152062,Anaerospora
154045,Anaerospora
150871,Anaerospora
154523,Anaerospora
240428,Halomicronema
300342,Leuconostoc
551960,Leuconostoc
735652,Leuconostoc
581779,Thiothrix
278809,Halomicronema
138619,Thiothrix
568283,Thiothrix
4430351,Leucothrix
310112,Anaerospora
4300220,Leuconostoc
815878,Thiothrix
4473937,Thiothrix
15107,Leuconostoc
15105,Leuconostoc
563009,Thiothrix
2062401,Beggiatoa
3308176,Beggiatoa
100064,Thiothrix
4446524,Leuconostoc
99960,Lampropedia
4435130,Thioploca
4447083,Thioploca
4337573,Thioploca
4447085,Thioploca
4447084,Thioploca
4407195,Thioploca
4312688,Thioploca
348879,Halomicronema
298813,Leuconostoc
4380803,Leuconostoc
2530343,Anaerospora
3473399,Leptothrix
564194,Leptothrix
789535,Leptothrix
557155,Leptothrix
671441,Leptothrix
4440321,Leptothrix
1919356,Leptothrix
4334245,Leptothrix
1947927,Leptothrix
240857,Thiothrix
246993,Thiothrix
571375,Lampropedia
789945,Lampropedia
4342417,Leptothrix
4396323,Leptothrix
546448,Halomicronema
157123,Leptothrix
252280,Leptothrix
4415953,Leptothrix
1105940,Beggiatoa
1805075,Anaerospora
4466043,Anaerospora
4466042,Anaerospora
246837,Halomicronema
217520,Halomicronema
547057,Thiothrix
734999,Thiothrix
38006,Thiothrix
37302,Thiothrix
43018,Thiothrix
4486319,Thiothrix
295073,Leuconostoc
1108007,Leuconostoc
256071,Thiothrix
622478,Beggiatoa
4456614,Leptothrix
110586,Thiothrix
27774,Anaerospora
4345085,Anaerospora
113785,Anaerospora
91370,Anaerospora
226925,Anaerospora
273372,Anaerospora
302609,Anaerospora
138739,Anaerospora
4433212,Anaerospora
301438,Leuconostoc
337345,Anaerospora
582814,Halomicronema
4394578,Bombiscardovia
582818,Thiothrix
886454,Leptothrix
256844,Leuconostoc
104149,Leuconostoc
3519475,Leuconostoc
3519476,Leuconostoc
4141682,Leuconostoc
141926,Leuconostoc
628915,Leuconostoc
4370971,Leuconostoc
148495,Leuconostoc
149757,Leuconostoc
247717,Leuconostoc
244448,Leuconostoc
252701,Leuconostoc
237919,Leuconostoc
692714,Leuconostoc
780549,Leuconostoc
711017,Leuconostoc
695668,Leuconostoc
635085,Leuconostoc
692620,Leuconostoc
547101,Leuconostoc
1726628,Leuconostoc
1726620,Leuconostoc
4337191,Leuconostoc
617770,Leuconostoc
699445,Leuconostoc
730516,Leuconostoc
236322,Leuconostoc
791972,Leuconostoc
660188,Leuconostoc
711467,Leuconostoc
691038,Leuconostoc
1106027,Leuconostoc
1107129,Leuconostoc
614086,Leuconostoc
774739,Leuconostoc
690094,Leuconostoc
15117,Leuconostoc
686801,Leuconostoc
787495,Leuconostoc
657812,Leuconostoc
611856,Leuconostoc
815327,Leuconostoc
719155,Leuconostoc
737163,Leuconostoc
799252,Leuconostoc
676534,Leuconostoc
684651,Leuconostoc
677023,Leuconostoc
753194,Leuconostoc
725169,Leuconostoc
649498,Leuconostoc
650887,Leuconostoc
757539,Leuconostoc
817482,Leuconostoc
669948,Leuconostoc
653969,Leuconostoc
667152,Leuconostoc
805246,Leuconostoc
709757,Leuconostoc
701521,Leuconostoc
647854,Leuconostoc
679886,Leuconostoc
807653,Leuconostoc
742663,Leuconostoc
604895,Leuconostoc
741247,Leuconostoc
816905,Leuconostoc
743311,Leuconostoc
724944,Leuconostoc
777862,Leuconostoc
653691,Leuconostoc
344454,Leuconostoc
252159,Leuconostoc
721154,Leuconostoc
718890,Leuconostoc
641868,Leuconostoc
672107,Leuconostoc
782915,Leuconostoc
615463,Leuconostoc
606912,Leuconostoc
769213,Leuconostoc
735417,Leuconostoc
573629,Leuconostoc
544758,Leuconostoc
774277,Leuconostoc
4359204,Leuconostoc
15116,Leuconostoc
312224,Leuconostoc
814245,Leuconostoc
264143,Leuconostoc
268633,Leuconostoc
650160,Leuconostoc
4376679,Leuconostoc
756886,Leuconostoc
261900,Leuconostoc
731039,Leuconostoc
619911,Leuconostoc
556329,Leuconostoc
550016,Leuconostoc
271066,Leuconostoc
569568,Leuconostoc
553013,Leuconostoc
660150,Leuconostoc
321649,Leuconostoc
767036,Leuconostoc
568978,Leuconostoc
585283,Leuconostoc
1028189,Leuconostoc
727334,Leuconostoc
4376680,Leuconostoc
545109,Leuconostoc
4482717,Leuconostoc
627516,Leuconostoc
704622,Leuconostoc
592422,Leuconostoc
805730,Leuconostoc
754364,Leuconostoc
813184,Leuconostoc
816640,Leuconostoc
98624,Leuconostoc
4454094,Leuconostoc
4476679,Leuconostoc
4436439,Leuconostoc
4454093,Leuconostoc
4431761,Leuconostoc
299182,Leuconostoc
4308120,Leuconostoc
1147812,Leuconostoc
1005528,Leuconostoc
1067074,Leuconostoc
944466,Leuconostoc
902103,Leuconostoc
448434,Leuconostoc
409631,Leuconostoc
393995,Leuconostoc
400122,Leuconostoc
373025,Leuconostoc
451902,Leuconostoc
430939,Leuconostoc
380255,Leuconostoc
484555,Leuconostoc
406736,Leuconostoc
436252,Leuconostoc
418712,Leuconostoc
459361,Leuconostoc
455471,Leuconostoc
398916,Leuconostoc
420894,Leuconostoc
452983,Leuconostoc
398076,Leuconostoc
393650,Leuconostoc
380958,Leuconostoc
418537,Leuconostoc
1029980,Leuconostoc
4485274,Leuconostoc
1000444,Thioploca
572548,Thiothrix
131048,Chlorobium
226847,Chlorobium
221643,Chlorobium
132861,Chlorobium
330917,Chlorobium
193893,Chlorobium
575547,Chlorobium
3392647,Leptothrix
809710,Leptothrix
2086741,Leptothrix
243107,Leptothrix
649970,Leptothrix
4422796,Leptothrix
2946782,Leptothrix
3882971,Leptothrix
4402146,Leptothrix
276906,Anaerospora
4023422,Halomicronema
3428171,Halomicronema
3108895,Halomicronema
4420531,Halomicronema
4199941,Leptothrix
1132883,Leptothrix
2106209,Leptothrix
4418888,Leptothrix
143202,Leptothrix
559037,Leptothrix
536782,Leptothrix
235584,Leptothrix
29425,Leptothrix
229779,Leptothrix
4428472,Thiothrix
4482227,Leuconostoc
3246144,Pelodictyon
212166,Thiothrix
290159,Leuconostoc
1111505,Thiothrix
1106567,Thiothrix
815194,Thiothrix
805690,Thiothrix
1036121,Leucothrix
4330938,Leucothrix
678606,Leuconostoc
