JQ839147.1.1290;Sneathia;Sneathia amnii
JQ934828.1.1418;Vibrio;Vibrio neocaledonicus
JQ995150.1.1539;Tenuibacillus;Tenuibacillus halotolerans
JX020951.1.1399;Acinetobacter;Acinetobacter oleivorans
JX094162.1.1451;Sphingomonas;Sphingomonas humi
JX113236.1.1416;Curtobacterium;Curtobacterium oceanosedimentum
JX117881.1.1361;Allorhizobium-Neorhizobium-Pararhizobium-Rhizobium;Rhizobium qilianshanense
JX141782.1.1444;Chryseobacterium;Chryseobacterium yeoncheonense
JX307098.1.1420;Allorhizobium-Neorhizobium-Pararhizobium-Rhizobium;Rhizobium halotolerans
JX316007.1.1413;Myceligenerans;Myceligenerans salitolerans
JX390618.1.1422;Curtobacterium;Curtobacterium oceanosedimentum
JX398976.1.1422;Paracoccus;Paracoccus siganidrum
JX428990.1.1528;Oceanobacillus;Oceanobacillus manasiensis
JX453452.1.1412;Isoptericola;Isoptericola salitolerans
JX460830.1.1465;Salinicoccus;Salinicoccus salitudinis
JX846629.1.1394;Candidatus Protochlamydia;Protochlamydia naegleriophila
JX876644.1.1379;Anaplasma;Anaplasma odocoilei
JX912707.1.1475;Tenacibaculum;Tenacibaculum halocynthiae
AY178863.1.1438;Aurantimonas;Aurantimonas litoralis
AY192527.1.1457;Helicobacter;Flexispira rappini
JX965382.1.1531;Desulfovibrio;Desulfovibrio multispirans
AY187622.1.1475;Clostridium sensu stricto 13;Clostridium tunisiense
AY192526.1.1457;Helicobacter;Helicobacter callitrichis
AY192528.1.1457;Helicobacter;Flexispira rappini
AY191226.1.1533;Mycoplasma;Mycoplasma vulturii
AY222320.1.1457;Streptomyces;Streptomyces nanningensis
AY266138.1.1455;Mycobacterium;Mycobacterium hackensackense
AY278483.1.1512;Caldanaerobacter;Thermoanaerobacter keratinophilus
AY307928.1.1400;Labrenzia;Stappia carboxidovorans
AY369253.1.1541;Treponema 2;Treponema vincentii
AY369252.1.1541;Treponema 2;Treponema vincentii
AY388649.1.1360;Chthoniobacter;Chthoniobacter flavus
AY369251.1.1543;Treponema 2;Treponema vincentii
AY369250.1.1539;Treponema 2;Treponema vincentii
AY442141.1.1263;Borrelia;Borrelia lonestari
AY489565.1.1468;Sneathia;Sneathia amnii
AY515120.1.1444;Bartonella;Bartonella rattimassiliensis
AY515119.1.1443;Bartonella;Bartonella phoceensis
AY530552.1.1527;Propionivibrio;Propionivibrio militaris
AY515118.1.1440;Bartonella;Bartonella rattimassiliensis
AY574991.1.1453;Catabacter;Catabacter hongkongensis
AY557603.1.1423;Thermus;Thermus yunnanensis
AY594193.1.1442;Tepidimonas;Tepidimonas arfidensis
AY594190.1.1424;Bordetella;Bordetella ansorpii
AY631419.1.1273;Blattabacterium;Blattabacterium relictus
AY631421.1.1273;Blattabacterium;Blattabacterium relictus
AY628697.1.1387;Phenylobacterium;Phenylobacterium zucineum
AY633608.1.1493;Acinetobacter;Acinetobacter seohaensis
AY631423.1.1273;Blattabacterium;Blattabacterium relictus
AY633607.1.1493;Acinetobacter;Acinetobacter marinus
AY682920.1.1233;Borrelia;Borrelia lonestari
AY682921.1.1233;Borrelia;Borrelia lonestari
AY740528.1.1354;Sulfurospirillum;Sulfurospirillum carboxydovorans
AY756171.1.1478;Mycoplasma;Mycoplasma sphenisci
AY771769.1.1429;Halocynthiibacter;Marinosulfonomonas methylotropha
AY820954.1.1511;Bacillus;Bacillus nematocida
AY772092.1.1429;Halocynthiibacter;Marinosulfonomonas methylotropha
AY851292.1.1469;Algorimarina;Algorimarina butyrica
AY859685.1.1489;Mycobacterium;Mycobacterium barrassiae
AY861385.1.1481;Thermus;Thermus yunnanensis
AY862388.1.1481;Thermus;Thermus yunnanensis
AY845252.1.1454;Spirillum;Spirillum kriegii
AY918122.1.1529;Desulfotomaculum;Desulfotomaculum salinum
AY918123.1.1457;Desulfotomaculum;Desulfotomaculum salinum
AY954687.1.1418;Paracoccus;Paracoccus ferrooxidans
AY995198.1.1455;Methylomonas;Methylomonas rubra
AY999875.1.1402;Streptomyces;Streptomyces glebosus
AY999876.1.1415;Streptomyces;Streptomyces ossamyceticus
CP000108.102595.104095;Chlorobium;Chlorobium chlorochromatii CaD3
CP000724.1837188.1838708;Alkaliphilus;Alkaliphilus metalliredigens QYMF
CP000724.4434170.4435690;Alkaliphilus;Alkaliphilus metalliredigens QYMF
CP000724.11329.12849;Alkaliphilus;Alkaliphilus metalliredigens QYMF
CP000724.4450628.4452148;Alkaliphilus;Alkaliphilus metalliredigens QYMF
CP000724.22384.23904;Alkaliphilus;Alkaliphilus metalliredigens QYMF
CP000724.4631934.4633454;Alkaliphilus;Alkaliphilus metalliredigens QYMF
CP000724.4457012.4458532;Alkaliphilus;Alkaliphilus metalliredigens QYMF
CP000724.4441686.4443206;Alkaliphilus;Alkaliphilus metalliredigens QYMF
CP000724.54401.55921;Alkaliphilus;Alkaliphilus metalliredigens QYMF
CP000724.48874.50394;Alkaliphilus;Alkaliphilus metalliredigens QYMF
CP000747.1272412.1273848;Phenylobacterium;Phenylobacterium zucineum HLK1
FR870465.1.1409;Echinicola;Echinicola shivajiensis
GQ250440.1.1401;Brevundimonas;Brevundimonas olei
GQ281062.1.1468;Halomonas;Halomonas aidingensis
FR872716.1.1429;Algoriphagus;Algoriphagus shivajiensis
EF061259.1.1418;Treponema 2;Treponema phagedenis subsp. vaccae
GQ153846.1.1449;Nonomuraea;Nonomuraea terrinata
EF061260.1.1418;Treponema 2;Treponema phagedenis subsp. vaccae
EF061266.1.1418;Treponema 2;Treponema phagedenis subsp. vaccae
GQ301039.1.1428;Fusobacterium;Fusobacterium nucleatum subsp. polymorphum ATCC 10953
EF061256.1.1418;Treponema 2;Treponema phagedenis subsp. vaccae
EF061263.1.1418;Treponema 2;Treponema phagedenis subsp. vaccae
GQ225687.1.1399;Pedobacter;Pedobacter yonginense
GQ284639.1.1510;Saccharothrix;Saccharothrix yanglingensis
EF061257.1.1418;Treponema 2;Treponema phagedenis subsp. vaccae
EF061264.1.1418;Treponema 2;Treponema phagedenis subsp. vaccae
EF061254.1.1418;Treponema 2;Treponema phagedenis subsp. vaccae
EF062309.1.1431;Acidiplasma;Ferroplasma thermophilum
EF053370.1.1556;Staphylococcus;Staphylococcus pseudolugdunensis
EF057392.1.1430;Caldisphaera;Caldisphaera draconis
EF055185.1.1327;Nonomuraea;Nonomuraea aegyptia
GQ344406.1.1343;Phycicoccus;Phycicoccus ochangensis
EF061255.1.1418;Treponema 2;Treponema phagedenis subsp. vaccae
EF061262.1.1418;Treponema 2;Treponema phagedenis subsp. vaccae
EF101504.1.1385;Labrenzia;Stappia conradae
EF060194.1.1401;Moorella;Moorella perchloratireducens
GQ338764.1.1466;Caldicellulosiruptor;Caldicellulosiruptor obsidiansis
EF061258.1.1418;Treponema 2;Treponema phagedenis subsp. vaccae
EF061265.1.1418;Treponema 2;Treponema phagedenis subsp. vaccae
EF061253.1.1418;Treponema 2;Treponema phagedenis subsp. vaccae
EF061261.1.1418;Treponema 2;Treponema phagedenis subsp. vaccae
EF065178.1.1490;Leptospirillum;Leptospirillum ferrodiazotrophum
GQ344405.1.1411;Phycicoccus;Phycicoccus ochangensis
EF079062.1.1434;Paenibacillus;Paenibacillus donghaensis
GQ339903.1.1465;Nocardioides;Nocardioides panaciterrulae
EF101503.1.1257;Labrenzia;Stappia kahanamokuae
GQ405534.1.1524;Caldinitratiruptor;Caldinitratiruptor microaerophilus
EF154259.1.1461;Halomonas;Halomonas glaciei
EF371463.1.1431;Brachyspira;Brachyspira corvi
EF405824.1.1460;Magnetospirillum;Magnetospirillum bellicus
GQ856217.1.1476;Stenotrophomonas;Stenotrophomonas panacihumi
GQ463465.1.1472;Nocardiopsis;Nocardiopsis yanglingensis
GQ900516.1.1274;Bacillus;Bacillus marcorestinctum
GQ872420.1.1442;Joostella;Joostella atrarenae
EF218611.1.1314;Sneathia;Sneathia amnii
EF202842.1.1471;Methanolobus;Methanolobus psychrophilus R15
EF206295.1.1472;Paenibacillus;Paenibacillus tylopili
EF413063.1.1223;Coxiella;Coxiella cheraxi
EF218612.1.1318;Sneathia;Sneathia amnii
GQ920839.1.1486;Marinimicrobium;Marinimicrobium haloxylanilyticum
EF371462.1.1432;Brachyspira;Brachyspira corvi
CP001825.814025.815517;Thermobaculum;Thermobaculum terrenum ATCC BAA-798
GQ981314.1.1526;Chitiniphilus;Chitinolyticbacter meiyuanensis
EF515876.1.1521;Streptomyces;Streptomyces sudanensis
GQ872424.1.1458;Gilvimarinus;Gilvimarinus agarilyticus
EF520734.1.1460;Acinetobacter;Acinetobacter oleivorans DR1
GU125651.1.1377;Rubrimonas;Rubrimonas shengliensis
EF540897.1.1487;Streptomyces;Streptomyces sudanensis
EF540899.1.1390;Streptomyces;Streptomyces sudanensis
GU125655.1.1405;Polymorphum;Polymorphum gilvum
CP001825.1140248.1141740;Thermobaculum;Thermobaculum terrenum ATCC BAA-798
EF560696.1.1395;Chlorobaculum;Chlorobaculum macestae
EF512124.1.1458;Marinobacter;Marinobacter alkaliphilus
EF522787.1.1416;Acidianus;Acidianus manzaensis
EF540898.1.1363;Streptomyces;Streptomyces sudanensis
GU112954.1.1362;Halomonas;Halomonas chromatireducens
GU125652.1.1377;Rubrimonas;Rubrimonas shengliensis
GU125654.1.1405;Polymorphum;Polymorphum gilvum SL003B-26A1
EF611419.1.1529;Acinetobacter;Acinetobacter septicus
EF540900.1.1454;Streptomyces;Streptomyces sudanensis
GU129569.1.1386;[Rhizobium] sphaerophysae group;Rhizobium helanshanense
EF592577.1.1444;Curtobacterium;Curtobacterium oceanosedimentum
GU137308.1.1454;Marivita;Marivita roseacus
EF590121.1.1491;Salinicoccus;Salinicoccus salitudinis
GU183677.1.1314;Marinobacter;Marinobacter alkaliphilus
EF611418.1.1531;Acinetobacter;Acinetobacter septicus
EF611420.1.1529;Acinetobacter;Acinetobacter septicus
GU201841.1.1401;[Rhizobium] sphaerophysae group;Rhizobium helanshanense
GU201840.1.1393;[Rhizobium] sphaerophysae group;Rhizobium helanshanense
EF645248.1.1427;Treponema 2;Treponema phagedenis
GU291860.1.1385;Gramella;Gramella jeungdoensis
GU247895.1.1343;Ancylobacter;Ancylobacter abiegnus
EF660756.1.1453;Aliihoeflea;Aliihoeflea aestuarii
EF672728.1.1228;Bartonella;Bartonella tamiae
EF672729.1.1211;Bartonella;Bartonella tamiae
GU269547.1.1435;Curtobacterium;Curtobacterium oceanosedimentum
EU107755.1.1503;Salinicola;Salinicola zeshunii
EU056581.1.1505;Salinicola;Salinicola zeshunii
KP196808.1.1360;Sphingomonas;Sphingomonas humi
GU363531.1.1516;Salinicoccus;Salinicoccus kekensis
EU096234.1.1445;Gluconobacter;Gluconobacter morbifer
GU397952.1.1434;Treponema 2;Treponema vincentii
KP214609.6.1239;Brevundimonas;Brevundimonas olei
EU096231.1.1450;Commensalibacter;Gluconobacter morbifer
GU377268.1.1439;Halomonas;Halomonas aidingensis
EU135707.1.1479;Halomonas;Halomonas sediminis
EU135723.1.1517;Gracilibacillus;Gracilibacillus quinghaiensis
KP214621.1.1234;Acinetobacter;Acinetobacter oleivorans
KF150444.1.1533;Bacillus;Bacillus gaemokensis
EU170118.1.1451;Streptomyces;Streptomyces ossamyceticus
EU170120.1.1450;Streptomyces;Streptomyces glebosus
EU177512.1.1331;Rhodopseudomonas;Rhodopseudomonas boonkerdii
EU183120.1.2089;Thermogladius;Thermogladius shockii
KP241949.1.1332;Acinetobacter;Acinetobacter oleivorans
EU203590.1.1538;Mycobacterium;Mycobacterium lepromatosis
KP296202.1.1415;Acinetobacter;Acinetobacter oryzae
KP318465.1.1248;Brevundimonas;Brevundimonas olei
KP318469.1.1283;Chryseobacterium;Candidatus Chryseobacterium massiliae
KP318488.1.1208;Paenibacillus;Paenibacillus taohuashanense
KP296216.1.1360;Curtobacterium;Curtobacterium oceanosedimentum
KF241151.1.1514;Stenotrophomonas;Stenotrophomonas panacihumi
KP462876.1.1428;Pseudomonas;Pseudomonas indoloxydans
KF318000.1.1382;Streptomyces;Streptomyces ossamyceticus
EU258679.1.1398;Streptomyces;Streptomyces neopeptinius
KP645211.1.1426;Thalassospira;Thalassospira permensis
EU286550.1.1445;Ensifer;Sinorhizobium chiapanecum
KP462871.1.1424;Pseudomonas;Pseudomonas indoloxydans
KP462874.1.1438;Pseudomonas;Pseudomonas indoloxydans
KP462873.1.1455;Pseudomonas;Pseudomonas indoloxydans
KF387655.1.1330;Brevundimonas;Brevundimonas olei
CP002080.4120134.4121679;Acinetobacter;Acinetobacter oleivorans DR1
CP002080.541433.542969;Acinetobacter;Acinetobacter oleivorans DR1
KP726288.1.940;Haloarcula;Haloarcula californiae
KP744377.1.1266;Vibrio;Vibrio neocaledonicus
CP002080.3479765.3481301;Acinetobacter;Acinetobacter oleivorans DR1
KP750181.1.1380;Treponema 2;Treponema phagedenis
KP750189.1.1349;Treponema 2;Treponema phagedenis
KP750188.1.1348;Treponema 2;Treponema phagedenis
CP002080.18767.20303;Acinetobacter;Acinetobacter oleivorans DR1
CP002080.505901.507437;Acinetobacter;Acinetobacter oleivorans DR1
KF439817.1.1454;Paenibacillus;Paenibacillus taohuashanense
CP002080.3939232.3940768;Acinetobacter;Acinetobacter oleivorans DR1
CP002086.1577972.1579504;Nitrosococcus;Nitrosococcus watsonii C-113
KP736080.1.1392;Mycobacterium;Mycobacterium sinense
CP002086.802953.804485;Nitrosococcus;Nitrosococcus watsonii C-113
KP750186.1.1349;Treponema 2;Treponema phagedenis
KP744374.1.1254;Vibrio;Vibrio neocaledonicus
KP750182.1.1320;Treponema 2;Treponema phagedenis
KP744375.1.1256;Vibrio;Vibrio neocaledonicus
KP769864.1.1460;Marinobacter;Marinobacter alkaliphilus
KF499505.1.1426;Microbacterium;Microbacterium nematophilum
KP859541.1.1389;Treponema 2;Treponema phagedenis
KF500391.1.1344;Erythrobacter;Citromicrobium bathyomarinum
KP859540.1.1378;Treponema 2;Treponema phagedenis
KP859543.1.1393;Treponema 2;Treponema phagedenis
CP002164.425369.426900;Caldicellulosiruptor;Caldicellulosiruptor obsidiansis OB47
KP859542.1.1389;Treponema 2;Treponema phagedenis
KP860590.1.1342;Curtobacterium;Curtobacterium oceanosedimentum
KP859539.1.1388;Treponema 2;Treponema phagedenis
CP002164.2362809.2364341;Caldicellulosiruptor;Caldicellulosiruptor obsidiansis OB47
KP873158.1.1544;Stenotrophomonas;Stenotrophomonas panacihumi
KF591122.1.1394;Curtobacterium;Curtobacterium oceanosedimentum
CP002164.997968.999502;Caldicellulosiruptor;Caldicellulosiruptor obsidiansis OB47
KP969077.1.1575;Stenotrophomonas;Stenotrophomonas panacihumi
KP866888.1.1410;Bacillus;Bacillus gaemokensis
KP969078.1.1535;Stenotrophomonas;Stenotrophomonas panacihumi
KF601907.1.1376;Bordetella;Bordetella ansorpii
KP980603.1.1395;Acinetobacter;Acinetobacter oleivorans
KF687012.1.1509;Curtobacterium;Curtobacterium oceanosedimentum
KF672712.1.1459;Paenibacillus;Paenibacillus tylopili
KR025827.1.1389;Treponema 2;Treponema phagedenis
KR025834.1.1427;Treponema 2;Treponema phagedenis
KR025842.1.1388;Treponema 2;Treponema phagedenis
KF668470.1.1491;Curtobacterium;Curtobacterium oceanosedimentum
KR025820.1.1350;Treponema 2;Treponema phagedenis
KR025826.1.1405;Treponema 2;Treponema phagedenis
KR025833.1.1391;Treponema 2;Treponema phagedenis
KR025841.1.1388;Treponema 2;Treponema phagedenis
KF668243.1.1429;Kocuria;Kocuria sediminis
KF668484.1.1493;Stenotrophomonas;Stenotrophomonas panacihumi
KR025808.1.1405;Treponema 2;Treponema phagedenis
KR025821.1.1371;Treponema 2;Treponema phagedenis
KR025828.1.1380;Treponema 2;Treponema phagedenis
KR025836.1.1390;Treponema 2;Treponema phagedenis
KR025844.1.1404;Treponema 2;Treponema phagedenis
KR023963.1.1438;Streptomyces;Streptomyces coeruleoaurantiacus
KR025823.1.1386;Treponema 2;Treponema phagedenis
KR025830.1.1350;Treponema 2;Treponema phagedenis
KR025838.1.1412;Treponema 2;Treponema phagedenis
KR025832.1.1391;Treponema 2;Treponema phagedenis
KR025840.1.1384;Treponema 2;Treponema phagedenis
KF732999.1.1330;Bacillus;Bacillus gaemokensis
KR045602.1.1398;Acinetobacter;Acinetobacter oleivorans
KF668250.1.1233;Haloarcula;Haloarcula californiae
KR025822.1.1389;Treponema 2;Treponema phagedenis
KR025829.1.1389;Treponema 2;Treponema phagedenis
KR025837.1.1387;Treponema 2;Treponema phagedenis
KR025845.1.1388;Treponema 2;Treponema phagedenis
KR025851.1.1389;Treponema 2;Treponema phagedenis
KR085903.1.1478;Janthinobacterium;Janthinobacterium svalbardensis
KR025835.1.1427;Treponema 2;Treponema phagedenis
KR025843.1.1380;Treponema 2;Treponema phagedenis
KF736097.1.1345;Treponema 2;Treponema phagedenis subsp. vaccae
KR025824.1.1427;Treponema 2;Treponema phagedenis
KR025831.1.1391;Treponema 2;Treponema phagedenis
KR025839.1.1406;Treponema 2;Treponema phagedenis
KF749352.1.1379;Pseudomonas;Pseudomonas indoloxydans
KR140274.1.1379;Vibrio;Vibrio neocaledonicus
KF742683.1.1368;Pedobacter;Pedobacter jeongneungensis
KR085937.1.1466;Curtobacterium;Curtobacterium oceanosedimentum
KF740542.1.1402;Curtobacterium;Curtobacterium oceanosedimentum
KF749337.1.1354;Exiguobacterium;Exiguobacterium himgiriensis
KF749341.1.1377;Acinetobacter;Acinetobacter oleivorans
KR140269.1.1313;Erythrobacter;Citromicrobium bathyomarinum
KF749331.1.1360;Acinetobacter;Acinetobacter oleivorans
KR140222.1.1348;Aurantimonas;Aurantimonas litoralis
KR150791.1.1516;Photobacterium;Photobacterium atrarenae
KF817693.1.1390;Pseudomonas;Pseudomonas indoloxydans
KF817739.1.1416;Pseudomonas;Pseudomonas indoloxydans
KF817718.1.1408;Pseudomonas;Pseudomonas indoloxydans
KF817730.1.1434;Bacillus;Bacillus hunanensis
KF749329.1.1364;Acinetobacter;Acinetobacter oleivorans
KF817628.1.1396;Pseudomonas;Pseudomonas indoloxydans
KF817640.1.1394;Pseudomonas;Pseudomonas indoloxydans
KF817630.1.1384;Pseudomonas;Pseudomonas indoloxydans
KF817698.1.1402;Pseudomonas;Pseudomonas indoloxydans
KF817620.1.1313;Paracoccus;Paracoccus siganidrum
KF817691.1.1411;Pseudomonas;Pseudomonas indoloxydans
KF817619.1.1377;Pseudomonas;Pseudomonas indoloxydans
KF817623.1.1324;Paracoccus;Paracoccus siganidrum
KR262825.1.1399;Janthinobacterium;Janthinobacterium svalbardensis
KR347480.1.1349;Treponema 2;Treponema phagedenis
KR347481.1.1388;Treponema 2;Treponema phagedenis
KR347484.1.1349;Treponema 2;Treponema phagedenis
KR347255.1.1421;Vibrio;Vibrio neocaledonicus
KR347482.1.1388;Treponema 2;Treponema phagedenis
KF815697.1.1373;Acinetobacter;Acinetobacter oleivorans
CP002329.2008512.2010040;Mycobacterium;Mycobacterium sinense
KF817645.1.1365;Pseudomonas;Pseudomonas indoloxydans
KF817657.1.1388;Pseudomonas;Pseudomonas indoloxydans
KF817675.1.1415;Pseudomonas;Pseudomonas indoloxydans
KF817717.1.1416;Pseudomonas;Pseudomonas indoloxydans
KF817721.1.1210;Pseudomonas;Pseudomonas indoloxydans
KF817736.1.1411;Pseudomonas;Pseudomonas indoloxydans
CP002329.1398154.1399682;Mycobacterium;Mycobacterium sinense
KT192152.1.1502;Treponema 2;Treponema vincentii
KT192151.1.1502;Treponema 2;Treponema vincentii
KT192159.1.1502;Treponema 2;Treponema vincentii
KR811207.1.1462;Acinetobacter;Acinetobacter oleivorans
KT192154.1.1502;Treponema 2;Treponema vincentii
KT192150.1.1502;Treponema 2;Treponema vincentii
KT192158.1.1502;Treponema 2;Treponema vincentii
KR708888.1.1423;Curtobacterium;Curtobacterium oceanosedimentum
KT192156.1.1502;Treponema 2;Treponema vincentii
KR780448.1.1378;Chryseobacterium;Candidatus Chryseobacterium massiliae
KT192155.1.1502;Treponema 2;Treponema vincentii
KR780447.1.1423;Chryseobacterium;Candidatus Chryseobacterium massiliae
KR780358.1.1225;Vibrio;Vibrio neocaledonicus
KT192153.1.1502;Treponema 2;Treponema vincentii
KT192157.1.1502;Treponema 2;Treponema vincentii
CP002382.474085.475557;Micavibrio;Micavibrio aeruginosavorus ARL-13
KT020954.1.1375;Pseudomonas;Pseudomonas indoloxydans
KT005527.1.1353;Allorhizobium-Neorhizobium-Pararhizobium-Rhizobium;Agrobacterium fabrum
KT008289.1.1504;Bhargavaea;Bhargavaea indica
KT354647.1.1233;Curtobacterium;Curtobacterium oceanosedimentum
KT379969.1.1493;Acinetobacter;Acinetobacter seohaensis
KT387334.1.1334;Acinetobacter;Acinetobacter septicus
KT459380.1.1222;Natrialba;Natrialba wudunaoensis
KT459374.1.1308;Natrialba;Natrialba wudunaoensis
KT459365.1.1315;Natrialba;Natrialba wudunaoensis
KT719929.1.1411;Bacillus;Bacillus timonensis
KT720103.1.1429;Bacillus;Bacillus manliponensis
KT720140.1.1427;Bacillus;Bacillus timonensis
KT720141.1.1366;Bacillus;Bacillus timonensis
KT719928.1.1266;Bacillus;Bacillus timonensis
KT735205.1.1418;Bacillus;Bacillus nematocida
KT719987.1.1394;Bacillus;Bacillus kyonggiensis
KT767785.1.1405;Chryseobacterium;Chryseobacterium yeoncheonense
KT767743.1.1384;Pedobacter;Pedobacter namyangjuensis
KT722613.1.1343;Exiguobacterium;Exiguobacterium arabatum
KT907145.1.1245;Zunongwangia;Sufflavibacter maritimus
KT907178.1.1245;Zunongwangia;Sufflavibacter maritimus
KT907132.1.1245;Zunongwangia;Sufflavibacter maritimus
KT922024.1.1397;Thalassospira;Thalassospira permensis
KT907095.1.1245;Zunongwangia;Sufflavibacter maritimus
KT907129.1.1245;Zunongwangia;Sufflavibacter maritimus
KT986172.1.1458;Vibrio;Vibrio neocaledonicus
KT950753.1.1450;Phycicoccus;Phycicoccus ochangensis
KT962912.1.1412;Streptomyces;Streptomyces ossamyceticus
CP002568.631832.633307;Polymorphum;Polymorphum gilvum SL003B-26A1
KT989844.1.1474;Vibrio;Vibrio neocaledonicus
CP002568.491871.493346;Polymorphum;Polymorphum gilvum SL003B-26A1
KT989853.1.1474;Vibrio;Vibrio neocaledonicus
KU051388.1.1421;Paracoccus;Paracoccus ferrooxidans
KU147448.1.1274;Paracoccus;Paracoccus siganidrum
KU147414.1.1332;Brevundimonas;Brevundimonas olei
KU198321.1.1340;Pseudomonas;Pseudomonas indoloxydans
KU258275.1.1402;Nordella;Nordella oligomobilis
KU321325.1.1412;Vibrio;Vibrio neocaledonicus
KU321329.1.1412;Vibrio;Vibrio neocaledonicus
KU258273.1.1368;Microbulbifer;Microbulbifer arenaceous
KU321326.1.1415;Vibrio;Vibrio neocaledonicus
KU321331.1.1410;Vibrio;Vibrio neocaledonicus
KU324439.1.1453;Streptomyces;Streptomyces neopeptinius
KU350618.1.1307;Acinetobacter;Acinetobacter oleivorans
KU321332.1.1413;Vibrio;Vibrio neocaledonicus
KU320883.1.1358;Marinobacter;Marinobacter nanhaiticus
KU321327.1.1417;Vibrio;Vibrio neocaledonicus
KU364037.1.1246;Halomonas;Halomonas profundus
KU317900.1.1443;Streptomyces;Streptomyces erythrochromogenes
KU317914.1.1452;Streptomyces;Streptomyces neopeptinius
KU321330.1.1413;Vibrio;Vibrio neocaledonicus
KU321324.1.1313;Vibrio;Vibrio neocaledonicus
KU364005.1.1347;Halomonas;Halomonas profundus
KU321328.1.1410;Vibrio;Vibrio neocaledonicus
KU550583.1.1438;Halobacillus;Halobacillus hunanensis
KU522190.1.1346;Bacillus;Bacillus gaemokensis
CP002665.2696838.2698342;Cellulomonas;Cellulomonas gilvus ATCC 13127
KU550174.1.1410;Leucobacter;Leucobacter kyeonggiensis
CP002665.2110404.2111909;Cellulomonas;Cellulomonas gilvus ATCC 13127
KU563539.1.1336;Brevundimonas;Brevundimonas olei
KX959977.1.1433;Paenibacillus;Paenibacillus tylopili
CP002728.1216885.1218396;Tepidanaerobacter;Tepidanaerobacter acetatoxydans Re1
CP002728.250097.251608;Tepidanaerobacter;Tepidanaerobacter acetatoxydans Re1
KX987304.1.1341;Rickettsia;Rickettsia monacensis
KY034370.1.1341;Isoptericola;Isoptericola salitolerans
KY038230.1.1258;Acinetobacter;Acinetobacter oleivorans
KX987305.1.1340;Rickettsia;Rickettsia monacensis
KX987306.1.1311;Rickettsia;Rickettsia monacensis
GU470910.1.1480;Fusobacterium;Fusobacterium nucleatum subsp. polymorphum F0401
GU565154.1.1528;Oceanobacillus;Oceanobacillus manasiensis
KY038288.1.1264;Acinetobacter;Acinetobacter oleivorans
GU565153.1.1527;Oceanobacillus;Oceanobacillus manasiensis
GU827555.1.1506;Cellulomonas;Cellulomonas gilvus ATCC 13127
GU597970.1.1311;Chryseobacterium;Candidatus Chryseobacterium massiliae
KY229790.1.1462;Vibrio;Vibrio neocaledonicus
KY301965.1.1379;Janthinobacterium;Janthinobacterium svalbardensis
KY301972.1.1392;Janthinobacterium;Janthinobacterium svalbardensis
KY286404.1.1367;Curtobacterium;Curtobacterium oceanosedimentum
KY229786.1.1459;Vibrio;Vibrio neocaledonicus
KY229791.1.1451;Vibrio;Vibrio neocaledonicus
KY363936.1.1263;Paracoccus;Paracoccus siganidrum
GU954428.1.1438;Acinetobacter;Acinetobacter oryzae
KY419879.1.1472;Chitinophaga;Chitinophaga soli
HE586569.1.1447;Halobacillus;Halobacillus hunanensis
HE573747.1.1492;Photobacterium;Photobacterium marinum
KY616195.1.1353;Marinobacter;Marinobacter alkaliphilus
KY616229.1.1389;Marinobacter;Marinobacter alkaliphilus
KY616237.1.1388;Marinobacter;Marinobacter alkaliphilus
KY616255.1.1368;Marinobacter;Marinobacter alkaliphilus
KY616256.1.1382;Marinobacter;Marinobacter alkaliphilus
KY616272.1.1383;Marinobacter;Marinobacter alkaliphilus
KY616287.1.1302;Marinobacter;Marinobacter alkaliphilus
KY616343.1.1361;Marinobacter;Marinobacter alkaliphilus
KY616570.1.1402;Marinobacter;Marinobacter alkaliphilus
KY616284.1.1217;Marinobacter;Marinobacter alkaliphilus
KY616459.1.1391;Marinobacter;Marinobacter alkaliphilus
KY616492.1.1402;Marinobacter;Marinobacter alkaliphilus
KY616532.1.1355;Marinobacter;Marinobacter alkaliphilus
KY616183.1.1402;Marinobacter;Marinobacter alkaliphilus
CP002829.235688.237255;Caldimicrobium;Thermodesulfobacterium geofontis OPF15
KY616274.1.1388;Marinobacter;Marinobacter alkaliphilus
KY616340.1.1403;Marinobacter;Marinobacter alkaliphilus
KY616182.1.1342;Marinobacter;Marinobacter alkaliphilus
KY616262.1.1397;Marinobacter;Marinobacter alkaliphilus
KY616534.1.1344;Marinobacter;Marinobacter alkaliphilus
KY616593.1.1400;Marinobacter;Marinobacter alkaliphilus
KY616270.1.1360;Marinobacter;Marinobacter alkaliphilus
KY616281.1.1356;Marinobacter;Marinobacter alkaliphilus
KY616351.1.1404;Marinobacter;Marinobacter alkaliphilus
KY616440.1.1397;Marinobacter;Marinobacter alkaliphilus
KY616533.1.1304;Marinobacter;Marinobacter alkaliphilus
KY616581.1.1400;Marinobacter;Marinobacter alkaliphilus
HE586568.1.1472;Halobacillus;Halobacillus hunanensis
KY585945.1.1366;Streptomyces;Streptomyces ossamyceticus
KY660604.1.1475;Cohnella;Cohnella plantaginis
KY660609.1.1474;Cohnella;Cohnella plantaginis
KY616184.1.1296;Marinobacter;Marinobacter alkaliphilus
KY616201.1.1391;Marinobacter;Marinobacter alkaliphilus
KY616211.1.1351;Marinobacter;Marinobacter alkaliphilus
HE613800.205053.206536;Pyrococcus;Pyrococcus abyssi GE5
KY616264.1.1387;Marinobacter;Marinobacter alkaliphilus
KY616283.1.1388;Marinobacter;Marinobacter alkaliphilus
KY616325.1.1316;Marinobacter;Marinobacter alkaliphilus
KY616355.1.1399;Marinobacter;Marinobacter alkaliphilus
KY616367.1.1351;Marinobacter;Marinobacter alkaliphilus
KY616280.1.1298;Marinobacter;Marinobacter alkaliphilus
KY616423.1.1397;Marinobacter;Marinobacter alkaliphilus
KY616326.1.1402;Marinobacter;Marinobacter alkaliphilus
KY660580.1.1475;Cohnella;Cohnella plantaginis
KY660601.1.1477;Cohnella;Cohnella plantaginis
KY660613.1.1477;Cohnella;Cohnella plantaginis
KY616465.1.1385;Marinobacter;Marinobacter alkaliphilus
KY660620.1.1434;Cohnella;Cohnella plantaginis
KY616491.1.1390;Marinobacter;Marinobacter alkaliphilus
KY616522.1.1404;Marinobacter;Marinobacter alkaliphilus
KY750306.1.1321;Vibrio;Vibrio neocaledonicus
KY750308.1.1320;Vibrio;Vibrio neocaledonicus
KY616210.1.1210;Marinobacter;Marinobacter alkaliphilus
KY616220.1.1313;Marinobacter;Marinobacter alkaliphilus
KY750310.1.1320;Vibrio;Vibrio neocaledonicus
KY616263.1.1398;Marinobacter;Marinobacter alkaliphilus
KY616308.1.1392;Marinobacter;Marinobacter alkaliphilus
KY616324.1.1389;Marinobacter;Marinobacter alkaliphilus
KY616341.1.1385;Marinobacter;Marinobacter alkaliphilus
KY616373.1.1299;Marinobacter;Marinobacter alkaliphilus
KY616584.1.1402;Marinobacter;Marinobacter alkaliphilus
KY616594.1.1409;Marinobacter;Marinobacter alkaliphilus
KY616601.1.1348;Marinobacter;Marinobacter alkaliphilus
KY825085.1.1394;Allorhizobium-Neorhizobium-Pararhizobium-Rhizobium;Agrobacterium fabrum
KY660608.1.1476;Cohnella;Cohnella plantaginis
KY660588.1.1480;Cohnella;Cohnella plantaginis
HE614292.1.1502;Photobacterium;Photobacterium marinum
KY847540.1.1219;Bacillus;Bacillus manliponensis
KY660586.1.1483;Cohnella;Cohnella plantaginis
KY660595.1.1434;Cohnella;Cohnella plantaginis
KY660607.1.1439;Cohnella;Cohnella plantaginis
KY660622.1.1434;Cohnella;Cohnella plantaginis
KY933467.1.1497;Curtobacterium;Curtobacterium oceanosedimentum
HE798189.1.1289;Caldimonas;Caldimonas hydrothermale
HE798190.1.1299;Caldimonas;Caldimonas hydrothermale
HE798192.1.1273;Caldimonas;Caldimonas hydrothermale
HE798191.1.1300;Caldimonas;Caldimonas hydrothermale
L29265.1.2100;Candidatus Kinetoplastibacterium;Kinetoplastibacterium blastocrithidii
L29303.1.1532;Candidatus Kinetoplastibacterium;Candidatus Kinetoplastibacterium crithidii
LC010665.1.1530;Acinetobacter;Acinetobacter oleivorans
L19921.1.1429;Pyrococcus;Pyrococcus abyssi
LC076756.1.1461;Tepidimonas;Tepidimonas arfidensis
LC076295.1.1444;Bacillus;Bacillus gaemokensis
HF565048.1.1392;Aliihoeflea;Aliihoeflea aestuarii
HF563609.1217655.1219166;Tepidanaerobacter;Tepidanaerobacter acetatoxydans Re1
LC191522.1.1412;Acinetobacter;Acinetobacter oleivorans
LC198791.1.1405;Haloarcula;Haloarcula californiae
LC198792.1.1405;Haloarcula;Haloarcula californiae
HF563609.250208.251719;Tepidanaerobacter;Tepidanaerobacter acetatoxydans Re1
LC155822.1.2155;Exiguobacterium;Exiguobacterium himgiriensis
LC191523.1.1335;Acinetobacter;Acinetobacter oryzae
HG008709.1.1396;Salinicola;Salinicola zeshunii
CP003083.1452985.1454458;Methanolobus;Methanolobus psychrophilus R15
CP003083.2439557.2441030;Methanolobus;Methanolobus psychrophilus R15
CP003083.1778722.1780195;Methanolobus;Methanolobus psychrophilus R15
CP003123.1249645.1251119;Bartonella;Bartonella australis Aust/NH1
CP003123.1354533.1356005;Bartonella;Bartonella australis Aust/NH1
CP003538.460801.462278;Micavibrio;Micavibrio aeruginosavorus EPB
AB699711.1.1302;Paenibacillus;Paenibacillus tylopili
AB682462.1.1412;Rhodopseudomonas;Rhodopseudomonas boonkerdii
CP003733.818214.819737;Candidatus Kinetoplastibacterium;Candidatus Kinetoplastibacterium blastocrithidii (ex Strigomonas culicis)
CP003733.782511.784034;Candidatus Kinetoplastibacterium;Candidatus Kinetoplastibacterium blastocrithidii (ex Strigomonas culicis)
CP003733.359385.360908;Candidatus Kinetoplastibacterium;Candidatus Kinetoplastibacterium blastocrithidii (ex Strigomonas culicis)
AB771439.1.1472;Haloarcula;Haloarcula aidinensis
AB771438.1.1472;Haloarcula;Haloarcula aidinensis
CP003804.189298.190819;Candidatus Kinetoplastibacterium;Candidatus Kinetoplastibacterium crithidii TCC036E
CP003807.224165.225686;Candidatus Kinetoplastibacterium;Candidatus Kinetoplastibacterium blastocrithidii TCC012E
CP003804.652725.654246;Candidatus Kinetoplastibacterium;Candidatus Kinetoplastibacterium crithidii TCC036E
CP003807.647287.648808;Candidatus Kinetoplastibacterium;Candidatus Kinetoplastibacterium blastocrithidii TCC012E
CP003804.227184.228705;Candidatus Kinetoplastibacterium;Candidatus Kinetoplastibacterium crithidii TCC036E
CP003807.188462.189983;Candidatus Kinetoplastibacterium;Candidatus Kinetoplastibacterium blastocrithidii TCC012E
HQ537061.1.1387;Streptomyces;Streptomyces nanchangensis
AE000657.1192069.1193655;Aquifex;Aquifex aeolicus VF5
HQ534295.1.1467;Pontibacter;Pontibacter rhizosphera
AE000657.571199.572785;Aquifex;Aquifex aeolicus VF5
AE007870.1304314.1305793;Allorhizobium-Neorhizobium-Pararhizobium-Rhizobium;Agrobacterium fabrum str. C58
AE007869.2517145.2518624;Allorhizobium-Neorhizobium-Pararhizobium-Rhizobium;Agrobacterium fabrum str. C58
AE007870.1041817.1043296;Allorhizobium-Neorhizobium-Pararhizobium-Rhizobium;Agrobacterium fabrum str. C58
AE007869.56746.58225;Allorhizobium-Neorhizobium-Pararhizobium-Rhizobium;Agrobacterium fabrum str. C58
HQ621857.1.1445;Pedobacter;Pedobacter jeongneungensis
HQ623152.1.1418;Halomonas;Halomonas glaciei
HQ638975.1.1390;Oceaniovalibus;Oceaniovalibus guishaninsula
HQ638977.1.1400;Paracoccus;Paracoccus oceanense
HQ638980.1.1408;Pelagibacterium;Pelagibacterium nitratireducens
AE016827.1721185.1722725;Basfia;Mannheimia succiniciproducens MBEL55E
AE016827.2312121.2313661;Basfia;Mannheimia succiniciproducens MBEL55E
HQ658355.1.1449;Mesorhizobium;Nitratireductor lucknowense
AE016827.149534.151076;Basfia;Mannheimia succiniciproducens MBEL55E
AE016827.2233935.2235477;Basfia;Mannheimia succiniciproducens MBEL55E
AE016827.401651.403191;Basfia;Mannheimia succiniciproducens MBEL55E
AE016827.813445.814986;Basfia;Mannheimia succiniciproducens MBEL55E
HQ699437.1.1455;Actimicrobium;Actimicrobium antarcticum
HQ696415.1.1441;Pseudomonas;Pseudomonas indoloxydans
AF034135.1.1487;Helicobacter;Flexispira rappini
AF033309.1.1512;Treponema 2;Treponema vincentii
AF033310.1.1473;Treponema 2;Treponema vincentii
AF067413.1.1433;Epulopiscium;Epulopiscium fishelsoni
AF067414.1.1446;Epulopiscium;Epulopiscium fishelsoni
AF083072.21771.23243;Cenarchaeum;Cenarchaeum symbiosum
HQ844269.1.1422;Sphingomonas;Sphingomonas swuensis
AF083071.5806.7278;Cenarchaeum;Cenarchaeum symbiosum
HQ718585.1.1496;Lactobacillus;Lactobacillus alvi
AF118017.1.1451;Helicobacter;Flexispira rappini
HQ864829.1.1471;Campylobacter;Campylobacter troglodytis
HQ857781.1.1426;Streptomyces;Streptomyces neopeptinius
AF132739.1.1343;Acetobacterium;Acetobacterium psammolithicum
AF132738.1.1369;Desulfomicrobium;Desulfomicrobium hypogeium
AF150807.1.1496;Methylomonas;Methylomonas rubra
HQ908675.1.1447;Aquimarina;Aquimarina litoralis
AF172942.1.1411;Rickettsia;Rickettsia hulinii
CP003978.319.1842;Candidatus Kinetoplastibacterium;Candidatus Kinetoplastibacterium crithidii (ex Angomonas deanei ATCC 30255)
HQ864828.1.1471;Campylobacter;Campylobacter troglodytis
CP003978.463629.465152;Candidatus Kinetoplastibacterium;Candidatus Kinetoplastibacterium crithidii (ex Angomonas deanei ATCC 30255)
CP003978.38201.39724;Candidatus Kinetoplastibacterium;Candidatus Kinetoplastibacterium crithidii (ex Angomonas deanei ATCC 30255)
AF246985.1.1445;Helicobacter;Helicobacter winghamensis
AF246984.1.1449;Helicobacter;Helicobacter winghamensis
AF246988.1.1451;Helicobacter;Helicobacter winghamensis
AF226987.1.1496;Acidianus;Acidianus tengchongensis
AF246987.1.1447;Helicobacter;Helicobacter winghamensis
AF251791.1.1488;Gordonia;Gordonia jacobaea
AF275698.1.1483;Amphibacillus;Amphibacillus haojiensis
AF264783.1.1735;Helicobacter;Helicobacter muricola
AF287812.1.1442;Fusobacterium;Fusobacterium nucleatum subsp. polymorphum
AF302078.1.1459;Nonomuraea;Nonomuraea terrinata
AF276958.1.1486;Methanobacterium;Methanobacterium curvum
AF310163.1.1268;Blattabacterium;Blattabacterium relictus
AF302762.1.1601;Helicobacter;Flexispira rappini
AF246986.1.1447;Helicobacter;Helicobacter winghamensis
AF310162.1.1271;Blattabacterium;Blattabacterium clevelandi
AF322460.1.1272;Blattabacterium;Blattabacterium punctulatus
AF322459.1.1272;Blattabacterium;Blattabacterium punctulatus
AF322467.1.1272;Blattabacterium;Blattabacterium punctulatus
AF322461.1.1273;Blattabacterium;Blattabacterium punctulatus
AF322464.1.1272;Blattabacterium;Blattabacterium punctulatus
AF322469.1.1272;Blattabacterium;Blattabacterium punctulatus
AF322471.1.1272;Blattabacterium;Blattabacterium punctulatus
AF322468.1.1271;Blattabacterium;Blattabacterium punctulatus
AF322470.1.1272;Blattabacterium;Blattabacterium punctulatus
AF322463.1.1272;Blattabacterium;Blattabacterium punctulatus
JF460771.1.1415;Curtobacterium;Curtobacterium oceanosedimentum
JF343235.1.1362;Paenibacillus;Paenibacillus tylopili
AF312766.1.1458;Meiothermus;Meiothermus rosaceus
AF331969.1.1481;Thermus;Thermus rehai
AF322458.1.1271;Blattabacterium;Blattabacterium punctulatus
AF322466.1.1271;Blattabacterium;Blattabacterium punctulatus
AF322473.1.1272;Blattabacterium;Blattabacterium relictus
AF291818.1.1490;Pseudomonas;Pseudomonas andersonii
AF363700.1.1270;Blattabacterium;Blattabacterium punctulatus
AF363705.1.1272;Blattabacterium;Blattabacterium punctulatus
AF363712.1.1273;Blattabacterium;Blattabacterium punctulatus
AF363704.1.1272;Blattabacterium;Blattabacterium punctulatus
AF363706.1.1272;Blattabacterium;Blattabacterium punctulatus
AF363693.1.1272;Blattabacterium;Blattabacterium punctulatus
AF363695.1.1272;Blattabacterium;Blattabacterium punctulatus
AF363703.1.1272;Blattabacterium;Blattabacterium punctulatus
AF363707.1.1272;Blattabacterium;Blattabacterium punctulatus
AF363696.1.1273;Blattabacterium;Blattabacterium punctulatus
AF363698.1.1271;Blattabacterium;Blattabacterium punctulatus
AF363692.1.1272;Blattabacterium;Blattabacterium punctulatus
AF363694.1.1272;Blattabacterium;Blattabacterium punctulatus
AF363701.1.1271;Blattabacterium;Blattabacterium punctulatus
AF363715.1.1272;Blattabacterium;Blattabacterium relictus
AF363708.1.1270;Blattabacterium;Blattabacterium punctulatus
AF304194.1.1498;Methylomonas;Methylomonas rubra
AF363713.1.1274;Blattabacterium;Blattabacterium punctulatus
AF310161.1.1272;Blattabacterium;Blattabacterium punctulatus
AF370880.1.1485;Nordella;Nordella oligomobilis
AF363063.1.1450;Helicobacter;Helicobacter winghamensis
AF363691.1.1272;Blattabacterium;Blattabacterium punctulatus
AF363710.1.1271;Blattabacterium;Blattabacterium punctulatus
AF363699.1.1273;Blattabacterium;Blattabacterium punctulatus
AF363702.1.1272;Blattabacterium;Blattabacterium punctulatus
AF363711.1.1273;Blattabacterium;Blattabacterium punctulatus
AF391972.1.1333;Thermobaculum;Thermobaculum terrenum
AF319539.1.1426;Microbacterium;Microbacterium nematophilum
JF514883.1.1331;Catabacter;Catabacter hongkongensis
JF514884.1.1259;Catabacter;Catabacter hongkongensis
JF514886.1.1266;Catabacter;Catabacter hongkongensis
AF322462.1.1273;Blattabacterium;Blattabacterium punctulatus
AF322465.1.1273;Blattabacterium;Blattabacterium punctulatus
AF322472.1.1271;Blattabacterium;Blattabacterium clevelandi
JF514887.1.1258;Catabacter;Catabacter hongkongensis
JF514885.1.1268;Catabacter;Catabacter hongkongensis
AF411013.1.1546;Geothermobacterium;Geothermobacterium ferrireducens
AF363062.1.1448;Helicobacter;Helicobacter winghamensis
AF363697.1.1272;Blattabacterium;Blattabacterium punctulatus
AF363709.1.1272;Blattabacterium;Blattabacterium punctulatus
AF363714.1.1271;Blattabacterium;Blattabacterium clevelandi
JF683657.1.1281;Curtobacterium;Curtobacterium oceanosedimentum
AF426101.1.1455;Treponema 2;Treponema refringens
AF385080.1.1446;Desulfacinum;Desulfacinum subterraneum
AF479013.1.1422;Thermococcus;Thermococcus radiotolerans
AF493543.1.1485;Mycoplasma;Mycoplasma zalophi
AF479012.1.1493;Thermococcus;Thermococcus marinus
AF497807.1.1449;Helicobacter;Flexispira rappini
AF517755.1.1478;Psychrobacter;Psychrobacter muriicola 2pS
JF758868.1.1464;Exiguobacterium;Exiguobacterium arabatum
JF775422.1.1467;Exiguobacterium;Exiguobacterium arabatum
AF503278.1.1435;Sphingomonas;Sphingomonas elodea
JF766572.1.1534;Halomonas;Halomonas socia
JF824804.1.1480;Alistipes;Alistipes senegalensis JC50
JF824810.1.1472;Bacillus;Bacillus timonensis
JF806519.1.1441;Microlunatus;Microlunatus terrae
AB000563.1.1473;Haloarcula;Haloarcula aidinensis
AB006157.1.1468;Actinomadura;Parvopolyspora pallida
JF896464.1.1429;Kocuria;Kocuria sediminis
AB006147.1.1222;Helicobacter;Helicobacter suncus
AB006148.1.1426;Helicobacter;Helicobacter suncus
JF896450.1.1463;Bacillus;Bacillus kyonggiensis
JF931139.1.1463;Vibrio;Vibrio zhanjiangensis
CP004145.726048.727518;Ferroplasma;Ferroplasma acidarmanus fer1
AB039830.1.1404;Chryseobacterium;Chryseobacterium proteolyticum
JF965489.1.1364;Halanaerobaculum;Halanaerocella petrolearia
AB047489.1.1472;Actinoplanes;Actinoplanes arizonaensis
JF937440.1.1349;Anditalea;Anditalea andensis
JN007036.1.1479;Leptospirillum;Leptospirillum ferrodiazotrophum
AB071811.1.1470;Thermus;Thermus kawarayensis
JN038197.1.1426;Leucobacter;Leucobacter margaritiformis
AB073978.1.1517;Lentimonas;Fucophilus fucoidanolyticus
JN084139.1.1345;Curtobacterium;Curtobacterium oceanosedimentum
JN084144.1.1386;Curtobacterium;Curtobacterium oceanosedimentum
JN088732.1.1500;Porticoccus;Porticoccus hydrocarbonoclasticus
JN107748.1.1414;Exiguobacterium;Exiguobacterium arabatum
AB106864.1.1460;Xanthobacter;Xanthobacter polyaromaticivorans
JN164701.1.1413;Erythrobacter;Erythrobacter westpacificensis
JN205304.1.1495;Oceanospirillum;Oceanospirillum nioense
JN205302.1.1461;Algoriphagus;Algoriphagus shivajiensis
AB125941.1.1435;Marinobacter;Marinobacter alkaliphilus
AB125942.1.1430;Marinobacter;Marinobacter alkaliphilus
AB166886.1.1471;Hydrogenophaga;Hydrogenophaga temperata
AB182498.1.1465;Acidianus;Acidianus manzaensis
AB184479.1.1474;Streptomyces;Streptomyces glebosus
AB184560.1.1460;Streptomyces;Streptomyces ossamyceticus
AB184600.1.1464;Streptomyces;Streptomyces coeruleoaurantiacus
AB184746.1.1478;Streptomyces;Streptomyces erythrochromogenes
AB211184.1.1271;Blattabacterium;Blattabacterium relictus
AB206468.1.1442;Tepidimonas;Tepidimonas arfidensis
AB211183.1.1271;Blattabacterium;Blattabacterium relictus
AB220146.1.1419;Sphingomonas;Sphingomonas humi
AB220121.1.1422;Sphingomonas;Sphingomonas rosea
AB249682.1.1452;Lysobacter;Lysobacter daecheongensis
AB267723.1.1435;Chitinophaga;Chitinophaga soli
AB272321.1.1204;Nordella;Nordella oligomobilis
AB331731.1.1493;Actinomadura;Actinomadura maheshkhaliensis
AB372850.1.1455;Cerasicoccus;Cerasicoccus frondis
AB377121.1.1419;Sungkyunkwania;Spongitalea numazuensis
AB377120.1.1437;Sungkyunkwania;Spongitalea numazuensis
AB372851.1.1454;Cerasicoccus;Cerasicoccus frondis
AB372849.1.1458;Cerasicoccus;Cerasicoccus maritimus
AB355989.1.1472;Haloarcula;Haloarcula sinaiiensis
AB381940.1.1451;Psychroflexus;Psychroflexus lacisalsi
AB425279.1.1419;Pelosinus;Sporotalea colonica
AB468958.1.1302;Jhaorihella;Piezobacter thermophilus
AB477984.1.1432;Haloarcula;Haloarcula californiae
AB485771.1.1400;Lysobacter;Lysobacter cookii
AB477985.1.1432;Haloarcula;Haloarcula californiae
AB473562.1.1476;Citricoccus;Citricoccus yambaruensis
AB513668.1.1406;Streptococcus;Streptococcus fryi
AB513670.1.1308;Streptococcus;Streptococcus fryi
AB513669.1.1300;Streptococcus;Streptococcus fryi
AB547401.1.1471;Mycobacterium;Mycobacterium shigaense
AB545809.1.1452;Oceanicoccus;Oceanicoccus sagamiensis
AB550231.1.1467;Fusobacterium;Fusobacterium nucleatum subsp. polymorphum
AB588125.1.1410;Streptococcus;Streptococcus fryi
AB605778.1.1472;Haloarcula;Haloarcula californiae
AB600546.1.1470;Clostridium sensu stricto 13;Clostridium tunisiense
AB612241.1.1412;Thermotomaculum;Thermotomaculum hydrothermale
AB617557.1.1438;Marinobacter;Marinobacter alkaliphilus
AB602436.1.1442;Catalinimonas;Porifericola rhodea
AB602438.1.1454;Rubidimonas;Rubidimonas crustatorum
AB663356.1.1472;Haloarcula;Haloarcula sinaiiensis
AB671763.1.1497;Catabacter;Catabacter hongkongensis
AB679167.1.1383;Methanosaeta;Methanosaeta pelagica
AB675079.1.1421;Thiofractor;Thiofractor thiocaminus
AB677960.1.1433;Oleomonas;Oleomonas sagaranensis
HG931336.1.1529;Oceanobacillus;Oceanobacillus manasiensis
AB680539.1.1400;[Aquaspirillum] polymorphum group;Aquaspirillum polymorphum
AB681570.1.1483;Geobacillus;Geobacillus zalihae
AB682208.1.1446;Sungkyunkwania;Spongitalea numazuensis
AB682209.1.1446;Sungkyunkwania;Spongitalea numazuensis
HM054473.1.1427;Bacillus;Bacillus hunanensis
HM067865.1.1495;Saccharopolyspora;Saccharopolyspora pathumthaniensis
HM146190.1.1477;Microbacterium;Microbacterium assamensis
HM204924.1.1438;Sphingomonas;Sphingomonas ginsenosidivorax
HM347062.1.1353;Fusobacterium;Fusobacterium nucleatum subsp. polymorphum
HM347078.1.1371;Fusobacterium;Fusobacterium nucleatum subsp. polymorphum
HM347059.1.1353;Fusobacterium;Fusobacterium nucleatum subsp. polymorphum
HM347075.1.1384;Fusobacterium;Fusobacterium nucleatum subsp. polymorphum
HM347055.1.1357;Fusobacterium;Fusobacterium nucleatum subsp. polymorphum
HM347056.1.1372;Fusobacterium;Fusobacterium nucleatum subsp. polymorphum
HM347061.1.1351;Fusobacterium;Fusobacterium nucleatum subsp. polymorphum
HM347074.1.1380;Fusobacterium;Fusobacterium nucleatum subsp. polymorphum ATCC 10953
HM347080.1.1340;Fusobacterium;Fusobacterium nucleatum subsp. polymorphum
HM452945.1.1474;Photobacterium;Photobacterium atrarenae
HM347060.1.1355;Fusobacterium;Fusobacterium nucleatum subsp. polymorphum
HM581513.1.1472;Pseudomonas;Pseudomonas andersonii
HM581511.1.1472;Pseudomonas;Pseudomonas andersonii
HM581512.1.1472;Pseudomonas;Pseudomonas andersonii
HM581510.1.1472;Pseudomonas;Pseudomonas andersonii
HM596746.1.1459;Thermanaerothrix;Thermanaerothrix daxensis
HM581514.1.1472;Pseudomonas;Pseudomonas andersonii
HM852447.1.1354;Orientia;Orientia chuto
HM776706.1.1401;Flavobacterium;Flavobacterium ginsengiterrae
HQ132350.1.1393;[Rhizobium] sphaerophysae group;Rhizobium helanshanense
HQ202814.1.1459;Paenibacillus;Paenibacillus tylopili
HQ244456.1.1373;Streptomyces;Streptomyces glebosus
HQ132351.1.1399;[Rhizobium] sphaerophysae group;Rhizobium helanshanense
HQ436040.1.1503;Aeromonas;Aeromonas cavernicola
HQ389549.1.1504;Lactobacillus;Lactobacillus ginsenosidimutans
DQ397549.29291.30749;Cenarchaeum;Cenarchaeum symbiosum A
JN713523.1.1501;Treponema 2;Treponema vincentii
CP011058.2372065.2373626;Paenibacillus;Paenibacillus beijingensis
CP011058.2813886.2815446;Paenibacillus;Paenibacillus beijingensis
CP011058.704236.705797;Paenibacillus;Paenibacillus beijingensis
CP011058.4785950.4787511;Paenibacillus;Paenibacillus beijingensis
CP011058.2284517.2286078;Paenibacillus;Paenibacillus beijingensis
CP011058.2742103.2743662;Paenibacillus;Paenibacillus beijingensis
CP011058.2440418.2441978;Paenibacillus;Paenibacillus beijingensis
CP011058.1192476.1194037;Paenibacillus;Paenibacillus beijingensis
CP011058.1143139.1144700;Paenibacillus;Paenibacillus beijingensis
CP011280.158236.159765;Sneathia;Sneathia amnii
CP011280.1320828.1322357;Sneathia;Sneathia amnii
CP011280.208045.209574;Sneathia;Sneathia amnii
CP012034.877424.879005;Lactobacillus;Lactobacillus ginsenosidimutans
CP012034.1756163.1757744;Lactobacillus;Lactobacillus ginsenosidimutans
CP012034.819913.821494;Lactobacillus;Lactobacillus ginsenosidimutans
KU597482.1.1390;Brevundimonas;Brevundimonas olei
KU588397.1.1235;Bacillus;Bacillus timonensis
KU596388.1.1395;Acinetobacter;Acinetobacter oleivorans
KU597484.1.1409;Brevundimonas;Brevundimonas olei
KU612234.1.1396;Acinetobacter;Acinetobacter oleivorans
KU877635.1.1434;Acinetobacter;Acinetobacter oryzae
KU886575.1.1396;Halomonas;Halomonas sediminis
KU877575.1.1458;Streptomyces;Streptomyces manipurensis
KU955700.1.1423;Oceanobacillus;Oceanobacillus manasiensis
KU860098.1.1516;Nitrosococcus;Nitrosococcus watsonii
KX027355.1.1382;Thalassospira;Thalassospira permensis
KU877574.1.1458;Streptomyces;Streptomyces manipurensis
KU977131.1.1444;Acinetobacter;Acinetobacter oleivorans
KU983812.1.1434;Bacillus;Bacillus timonensis
KX037098.1.1240;Vibrio;Vibrio neocaledonicus
KX027356.1.1400;Thalassospira;Thalassospira permensis
JN408292.1.1515;Paenibacillus;Paenibacillus beijingensis
KX218290.1.1362;Vibrio;Vibrio neocaledonicus
KX233854.1.1415;Exiguobacterium;Exiguobacterium arabatum
JN389519.1.1453;Streptomyces;Streptomyces oceani
JN408294.1.1512;Paenibacillus;Paenibacillus brassicae
JN560156.1.1523;Streptomyces;Streptomyces manipurensis
JN566029.1.1369;Streptomyces;Streptomyces ossamyceticus
KX218311.1.1357;Vibrio;Vibrio neocaledonicus
KX389578.1.1445;Salinicola;Salinicola zeshunii
KX371621.1.1455;Stenotrophomonas;Stenotrophomonas panacihumi
JN602236.1.1396;Exiguobacterium;Exiguobacterium arabatum
KX389579.1.1434;Microbulbifer;Microbulbifer arenaceous
KX356606.1.1461;Kocuria;Kocuria sediminis
KX442624.1.1232;Rhodopseudomonas;Rhodopseudomonas boonkerdii
KX500242.1.1498;Allorhizobium-Neorhizobium-Pararhizobium-Rhizobium;Agrobacterium fabrum
KX504322.1.1482;Allorhizobium-Neorhizobium-Pararhizobium-Rhizobium;Agrobacterium fabrum
KX665588.1.1297;Allorhizobium-Neorhizobium-Pararhizobium-Rhizobium;Agrobacterium fabrum
JN712171.1.1405;Marinilutecoccus;Ponticoccus gilvus
JN798464.1.1433;Euryhalocaulis;Euryhalocaulis caribicus
JN837491.1.1482;Peptoniphilus;Peptoniphilus grossensis ph5
KX665591.1.1326;Allorhizobium-Neorhizobium-Pararhizobium-Rhizobium;Agrobacterium fabrum
JN999839.1.1445;Bacillus;Bacillus gaemokensis
JN999841.1.1434;Bacillus;Bacillus gaemokensis
JN999908.1.1434;Streptomyces;Streptomyces ossamyceticus
AF525306.1.1362;Thiorhodococcus;Thiorhodococcus drewsii
JN981166.1.1465;Chitinibacter;Chitinibacter suncheonensis
JN982125.1.1521;Cohnella;Cohnella plantaginis
KX816575.1.1421;Brevundimonas;Brevundimonas olei
JQ039895.1.1432;Leucobacter;Leucobacter kyeonggiensis
JN999838.1.1450;Bacillus;Bacillus gaemokensis
JN999840.1.1450;Bacillus;Bacillus gaemokensis
JQ083404.1.1391;Pseudopedobacter;Pedobacter hainanensis
JQ087392.1.1501;Sneathia;Sneathia amnii
JQ237130.1.1414;Vibrio;Vibrio zhuhaiensis
AJ006606.1.1470;Sporomusa;Desulfosporomusa polytropa
AJ006609.1.1446;Sporomusa;Desulfosporomusa polytropa
AJ225071.1.1469;Pyrococcus;Pyrococcus abyssi
JQ073723.1.1511;Actinoplanes;Actinoplanes hulinensis
AJ001376.1.1470;Natrialba;Natrialba wudunaoensis
AJ006604.1.1402;Sporomusa;Desulfosporomusa polytropa
AJ248283.205039.206541;Pyrococcus;Pyrococcus abyssi GE5
JQ286003.1.1408;Marinobacter;Marinobacter alkaliphilus
AJ006084.1.1503;Shewanella;Shewanella massilia
JQ286001.1.1431;Marinobacter;Marinobacter alkaliphilus
JQ286002.1.1434;Marinobacter;Marinobacter alkaliphilus
AF531766.1.1476;Chryseobacterium;Candidatus Chryseobacterium massiliae
JQ285999.1.1432;Marinobacter;Marinobacter alkaliphilus
AJ299218.1.1495;Archaeoglobus;Archaeoglobus lithotrophicus
AJ314843.1.1504;Pseudoalteromonas;Pseudoalteromonas telluritireducens
JQ286000.1.1430;Marinobacter;Marinobacter alkaliphilus
AJ318041.1.1500;Nanoarchaeum;Nanoarchaeum equitans
AJ006605.1.1444;Sporomusa;Desulfosporomusa polytropa
AJ006608.1.1386;Sporomusa;Desulfosporomusa polytropa
AJ401208.1.1430;Roseospira;Roseospira thiosulfatophila
AJ439500.1.1488;Marinobacter;Marinobacter squalenivorans
AJ314842.1.1468;Pseudoalteromonas;Pseudoalteromonas spiralis
AJ431369.1.1488;Halomonas;Halomonas glaciei
AJ507320.1.1514;Desulfurobacterium;Desulfurobacterium crinifex
AJ544687.1.1503;Desulfovibrio;Desulfovibrio brasiliensis
AJ580582.1.1551;Vibrio;Vibrio pommerensis
AJ580826.1.1523;Mycobacterium;Mycobacterium tilburgii
AJ621885.1.1488;Desulfovibrio;Desulfovibrio cavernae
AJ510266.1.1395;Microbulbifer;Microbulbifer arenaceous
AJ309733.1.1586;Aquifex;Aquifex aeolicus
AJ314845.1.1503;Pseudoalteromonas;Pseudoalteromonas telluritireducens
AJ578461.1.1387;Chlorobium;Chlorobium chlorochromatii
AJ876733.1.1363;Halomonas;Halomonas profundus
AJ887996.1.1393;Prosthecochloris;Prosthecochloris indica
JQ353773.1.1410;Oceanobacillus;Oceanobacillus manasiensis
AJ876736.1.1379;Pseudomonas;Pseudomonas guezennei
AJ781386.1.1481;Streptomyces;Streptomyces glebosus
JQ582408.1.1453;Desulfonatronospira;Desulfohalophilus alkaliarsenatis
JQ659792.1.1463;Stenotrophomonas;Stenotrophomonas panacihumi
JQ659840.1.1474;Stenotrophomonas;Stenotrophomonas panacihumi
JQ659824.1.1473;Stenotrophomonas;Stenotrophomonas panacihumi
JQ659857.1.1474;Stenotrophomonas;Stenotrophomonas panacihumi
JQ659865.1.1474;Stenotrophomonas;Stenotrophomonas panacihumi
JQ659811.1.1473;Stenotrophomonas;Stenotrophomonas panacihumi
JQ660300.1.1407;Curtobacterium;Curtobacterium oceanosedimentum
JQ660114.1.1407;Curtobacterium;Curtobacterium oceanosedimentum
JQ660027.1.1370;Curtobacterium;Curtobacterium oceanosedimentum
JQ660216.1.1475;Stenotrophomonas;Stenotrophomonas panacihumi
JQ660070.1.1408;Curtobacterium;Curtobacterium oceanosedimentum
JQ660116.1.1403;Curtobacterium;Curtobacterium oceanosedimentum
JQ660170.1.1413;Curtobacterium;Curtobacterium oceanosedimentum
JQ660233.1.1407;Curtobacterium;Curtobacterium oceanosedimentum
JQ660236.1.1406;Curtobacterium;Curtobacterium oceanosedimentum
JQ660303.1.1406;Curtobacterium;Curtobacterium oceanosedimentum
AM236091.1.1659;Caedibacter;Caedibacter macronucleorum
JQ660261.1.1407;Curtobacterium;Curtobacterium oceanosedimentum
AM236093.1.1660;Caedibacter;Caedibacter macronucleorum
AM167521.1.1483;Streptomyces;Streptomyces qinlingensis
JQ659325.1.1315;Curtobacterium;Curtobacterium oceanosedimentum
AM236090.1.1660;Caedibacter;Caedibacter macronucleorum
JQ659731.1.1476;Stenotrophomonas;Stenotrophomonas panacihumi
AM283039.1.1498;Deinococcus;Deinococcus sahariens
AM271002.1.1457;Porphyrobacter;Porphyrobacter meromictius
JQ660167.1.1405;Curtobacterium;Curtobacterium oceanosedimentum
JQ660284.1.1409;Curtobacterium;Curtobacterium oceanosedimentum
JQ660304.1.1408;Curtobacterium;Curtobacterium oceanosedimentum
AM236092.1.1660;Caedibacter;Caedibacter macronucleorum
AM271004.1.1460;Porphyrobacter;Porphyrobacter meromictius
JQ728555.1.1402;Allorhizobium-Neorhizobium-Pararhizobium-Rhizobium;Rhizobium qilianshanense
AM271003.1.1465;Porphyrobacter;Porphyrobacter meromictius
AM283038.1.1518;Caldimonas;Caldimonas hydrothermale
JQ684237.1.1453;Sphingomonas;Sphingomonas humi
JQ689179.1.1263;Pedobacter;Pedobacter yonginense
JQ689198.1.1399;Nordella;Nordella oligomobilis
JQ694712.1.1422;Paenibacillus;Paenibacillus taohuashanense
JQ750973.1.1514;Wangella;Wangella harbinensis
AM419441.1.1417;Desulfomicrobium;Desulfomicrobium salsuginis
AM690783.1.1273;Prosthecochloris;Prosthecochloris indica
AM690781.1.1267;Prosthecochloris;Prosthecochloris indica
AM419443.1.1446;Desulfomicrobium;Desulfomicrobium salsuginis
AM419442.1.1418;Desulfomicrobium;Desulfomicrobium aestuarii
AM690785.1.1288;Prosthecochloris;Prosthecochloris indica
AM922198.1.1368;Pseudomonas;Pseudomonas guezennei
CP013121.2201742.2203286;Fusobacterium;Fusobacterium nucleatum subsp. polymorphum
CP013121.1976428.1977974;Fusobacterium;Fusobacterium nucleatum subsp. polymorphum
AM947937.1.1427;Marichromatium;Marichromatium litoris
CP013121.2292585.2294128;Fusobacterium;Fusobacterium nucleatum subsp. polymorphum
AM980985.1.1436;Marinilutecoccus;Ponticoccus gilvus
CP013121.91349.92893;Fusobacterium;Fusobacterium nucleatum subsp. polymorphum
LK934694.1.1371;Sinomicrobium;Joostella atrarenae
CP013328.1699400.1700944;Fusobacterium;Fusobacterium nucleatum subsp. polymorphum
CP013328.255893.257437;Fusobacterium;Fusobacterium nucleatum subsp. polymorphum
CP013328.2299464.2301010;Fusobacterium;Fusobacterium nucleatum subsp. polymorphum
CP013328.1798317.1799860;Fusobacterium;Fusobacterium nucleatum subsp. polymorphum
CP013328.165012.166555;Fusobacterium;Fusobacterium nucleatum subsp. polymorphum
LN831027.102380.103865;Fusobacterium;Fusobacterium nucleatum subsp. polymorphum
LN831027.2308132.2309617;Fusobacterium;Fusobacterium nucleatum subsp. polymorphum
LN831027.2036522.2038007;Fusobacterium;Fusobacterium nucleatum subsp. polymorphum
LN794217.1257049.1258543;Rickettsia;Rickettsia monacensis
LN846059.1.1317;Thalassospira;Thalassospira permensis
LN846079.1.1311;Thalassospira;Thalassospira permensis
LN846105.1.1304;Thalassospira;Thalassospira permensis
LN831027.1934683.1936168;Fusobacterium;Fusobacterium nucleatum subsp. polymorphum
LN831027.204557.206042;Fusobacterium;Fusobacterium nucleatum subsp. polymorphum
LN846106.1.1312;Thalassospira;Thalassospira permensis
LN846084.1.1323;Thalassospira;Thalassospira permensis
LN846104.1.1278;Thalassospira;Thalassospira permensis
LN846103.1.1312;Thalassospira;Thalassospira permensis
LN846004.1.1278;Erythrobacter;Citromicrobium bathyomarinum
LN846107.1.1300;Thalassospira;Thalassospira permensis
LN846052.1.1312;Thalassospira;Thalassospira permensis
LN879502.2765644.2767170;Candidatus Protochlamydia;Protochlamydia naegleriophila
LN879502.2473726.2475252;Candidatus Protochlamydia;Protochlamydia naegleriophila
LN879502.1246955.1248481;Candidatus Protochlamydia;Protochlamydia naegleriophila
LN879502.1262294.1263820;Candidatus Protochlamydia;Protochlamydia naegleriophila
LT223646.1.1499;Catabacter;Catabacter hongkongensis
LT604251.1.1423;Bacillus;Bacillus manliponensis
LT604270.1.1423;Bacillus;Bacillus gaemokensis
LT604281.1.1423;Bacillus;Bacillus manliponensis
LT604250.1.1423;Bacillus;Bacillus gaemokensis
LT604255.1.1423;Bacillus;Bacillus manliponensis
LT604297.1.1423;Bacillus;Bacillus gaemokensis
LT604313.1.1423;Bacillus;Bacillus gaemokensis
LT604258.1.1423;Bacillus;Bacillus manliponensis
LT604275.1.1423;Bacillus;Bacillus gaemokensis
LT604300.1.1418;Bacillus;Bacillus gaemokensis
LT604262.1.1423;Bacillus;Bacillus manliponensis
LT604311.1.1423;Bacillus;Bacillus manliponensis
LT604285.1.1423;Bacillus;Bacillus gaemokensis
LT604293.1.1423;Bacillus;Bacillus gaemokensis
LT604314.1.1423;Bacillus;Bacillus manliponensis
AY099167.1.1451;Pyrococcus;Pyrococcus abyssi
LT604294.1.1423;Bacillus;Bacillus manliponensis
LT604302.1.1423;Bacillus;Bacillus gaemokensis
AY078425.1.1493;Sneathia;Sneathia amnii
AY079151.1.1426;Geobacillus;Geobacillus uralicus
AY099166.1.1363;Pyrococcus;Pyrococcus abyssi
LT604428.1.1423;Bacillus;Bacillus gaemokensis
AY026915.1.1496;Cycloclasticus;Cycloclasticus spirillensus
AY035307.1.1408;Phenylobacterium;Phenylobacterium mobile
AY119690.1.1367;Treponema 2;Treponema vincentii
LT604292.1.1423;Bacillus;Bacillus manliponensis
AY135637.1.1414;Sulfolobus;Sulfolobus tengchongensis
AY140911.1.1515;Candidatus Fritschea;Candidatus Fritschea eriococci
LT604435.1.1423;Bacillus;Bacillus gaemokensis
AY166715.1.1336;Borrelia;Borrelia lonestari
AY026916.1.1452;Erythrobacter;Lutibacterium anuloederans
AY148429.1.1547;Bacillus;Bacillus hackensackii
AY128533.1.1412;Methylophaga;Methylophaga natronica
AY166603.1.1519;Geobacillus;Geobacillus zalihae
AY032601.1.1512;Anaerobacillus;Anaerobacillus macyae
AY124797.1.1523;Dechlorobacter;Dechlorobacter hydrogenophilus
AY137848.1.1404;Alkaliphilus;Alkaliphilus metalliredigens
AY126479.1.1467;Helicobacter;Flexispira rappini
AY140910.4332.5873;Candidatus Fritschea;Candidatus Fritschea bemisiae
LT631761.1.1395;Commensalibacter;Commensalibacter intestini
LT714153.1.1489;Halobacillus;Halobacillus hunanensis
M95662.1.1470;Methylomonas;Methylomonas rubra
MF029657.1.1412;Marinobacter;Marinobacter alkaliphilus
MF029656.1.1412;Marinobacter;Marinobacter alkaliphilus
U42221.1.1505;Desulfovibrio;Desulfovibrio fairfieldensis
U51469.1.1474;Cenarchaeum;Cenarchaeum symbiosum
U23211.1.1336;Borrelia;Borrelia lonestari
U62894.1.1390;Marinosulfonomonas;Marinosulfonomonas methylotropha
X98418.1.1406;Phyllobacterium;Nanobacterium sanguineum
U62893.1.1442;Hansschlegelia;Methylosulfonomonas methylovora
X55402.1.1331;Fusobacterium;Fusobacterium nucleatum subsp. polymorphum
Y09609.1.1366;Amaricoccus;Tetracoccus cechii
Y16267.1.1416;Erythrobacter;Citromicrobium bathyomarinum
Z70246.1.1340;Pyrococcus;Pyrococcus abyssi
X86690.1.1319;Dehalobacterium;Dehalobacterium formicoaceticum
Y09610.1.1421;Amaricoccus;Tetracoccus cechii
Y18253.1.1804;Chlorobium;Chlorobium ferrooxidans
AX041106.205053.206536;Pyrococcus;Pyrococcus abyssi
BD250982.21783.23241;Cenarchaeum;Cenarchaeum symbiosum
KF921619.1.1355;Microbacterium;Microbacterium nematophilum
BD430793.205053.206536;Pyrococcus;Pyrococcus abyssi
KJ875699.1.1401;Brevundimonas;Brevundimonas olei
JX988392.1.1446;Paenibacillus;Curtobacterium oceanosedimentum
BD250981.5818.7276;Cenarchaeum;Cenarchaeum symbiosum
FJ217962.1.1462;Zooshikella;Zooshikella rubidus
FJ226581.1.1518;Mycoplasma;Mycoplasma zalophi
KF923436.1.1453;Sphingomonas;Sphingomonas hunanensis
DD289898.1.1519;Geobacillus;Geobacillus zalihae
FJ228690.1.1404;Tessaracoccus;Tessaracoccus profundi
FJ226558.1.2225;Mycoplasma;Mycoplasma sphenisci
EU386163.1.1458;Tepidanaerobacter;Tepidanaerobacter acetatoxydans Re1
EU384664.1.1400;Candidatus Protochlamydia;Protochlamydia naegleriophila
EU409602.1.1367;Gluconobacter;Gluconobacter morbifer
JX999056.1.1482;Exiguobacterium;Exiguobacterium himgiriensis
EU409601.1.1482;Commensalibacter;Commensalibacter intestini
FJ263922.1.1334;Acinetobacter;Acinetobacter septicus
FJ263921.1.1332;Acinetobacter;Acinetobacter septicus
FJ269037.1.1362;Rickettsia;Rickettsia monteiroi
KC119214.1.1457;Pedobacter;Pedobacter yonginense
EU440968.1.1452;Erythrobacter;Lutibacterium anuloederans
FJ387163.1.1428;Lutibacter;Marinitalea sucinacia
KF956612.1.1500;Acinetobacter;Acinetobacter oleivorans
FJ392126.1.1292;Acinetobacter;Acinetobacter seohaensis
FJ386518.1.1471;Oceanobacillus;Oceanobacillus manasiensis
EU447163.1.1460;Halomonas;Halomonas chromatireducens
EU440994.1.1505;Marinobacter;Marinobacter alkaliphilus
FJ416489.1.1351;Bacillus;Bacillus gaemokensis
FJ416490.1.1400;Bacillus;Bacillus manliponensis
EU447162.1.1444;Halomonas;Halomonas nitrilicus
FJ425898.1.1509;Halobacillus;Halobacillus hunanensis
KM015451.1.1409;Paracoccus;Paracoccus siganidrum
KC157051.1.1471;Streptomyces;Streptomyces manipurensis
FJ425904.1.1503;Virgibacillus;Virgibacillus zhanjiangensis
KM010135.1.1464;Oceanobacillus;Oceanobacillus manasiensis
KM019756.1.1360;Curtobacterium;Curtobacterium oceanosedimentum
KM019789.1.1333;Curtobacterium;Curtobacterium oceanosedimentum
KM019899.1.1360;Curtobacterium;Curtobacterium oceanosedimentum
KM019889.1.1367;Curtobacterium;Curtobacterium oceanosedimentum
CP014229.770139.771692;Desulfovibrio;Desulfovibrio fairfieldensis
CP014229.562925.564478;Desulfovibrio;Desulfovibrio fairfieldensis
KM019838.1.1333;Curtobacterium;Curtobacterium oceanosedimentum
CP014226.105426.106962;Halomonas;Halomonas chromatireducens
KM019700.1.1325;Curtobacterium;Curtobacterium oceanosedimentum
KM019866.1.1333;Curtobacterium;Curtobacterium oceanosedimentum
KM019832.1.1367;Curtobacterium;Curtobacterium oceanosedimentum
KM019853.1.1325;Curtobacterium;Curtobacterium oceanosedimentum
CP014229.161956.163509;Desulfovibrio;Desulfovibrio fairfieldensis
FW362822.8.1541;Staphylococcus;Staphylococcus pseudolugdunensis
KC172003.1.1414;Streptomyces;Streptomyces erythrochromogenes
EU541624.1.1417;Mycobacterium;Mycobacterium chesapeaki
KM041153.1.1291;Zunongwangia;Sufflavibacter maritimus
EU559330.1.1472;Campylobacter;Campylobacter troglodytis
KM041149.1.1264;Zunongwangia;Sufflavibacter maritimus
KM041135.1.1305;Zunongwangia;Sufflavibacter maritimus
KM041127.1.1245;Zunongwangia;Sufflavibacter maritimus
KM041193.1.1280;Zunongwangia;Sufflavibacter maritimus
EU563854.1.1512;Acidianus;Acidianus manzaensis
KM041231.1.1362;Zunongwangia;Sufflavibacter maritimus
KM041139.1.1282;Zunongwangia;Sufflavibacter maritimus
FJ483934.1.1541;Fictibacillus;Bacillus tianmuensis
KJ018231.1.1359;Allorhizobium-Neorhizobium-Pararhizobium-Rhizobium;Agrobacterium fabrum
KC212002.1.1371;Bacillus;Bacillus gaemokensis
FJ490365.1.1403;Aquimarina;Aquimarina litoralis
FJ490367.1.1404;Meridianimaribacter;Gaetbulibacter jejuensis
FJ527417.1.1434;Sphingomonas;Sphingomonas hunanensis
HI412180.1.1556;Staphylococcus;Staphylococcus pseudolugdunensis
EU622781.1.1428;Thiocapsa;Thiocapsa bogorovii
FJ527818.1.1395;Acinetobacter;Acinetobacter kyonggiensis
FJ532294.1.1371;Candidatus Protochlamydia;Protochlamydia naegleriophila
HZ485630.1.1467;Helicobacter;Flexispira rappini
HZ486159.1.1276;Phenylobacterium;Phenylobacterium zucineum
KJ190179.1.1309;Chryseobacterium;Candidatus Chryseobacterium massiliae
KJ190181.1.1332;Chryseobacterium;Candidatus Chryseobacterium massiliae
EU650196.1.1401;Paracoccus;Paracoccus beibuensis
HW616210.3.1460;Xanthobacter;Xanthobacter polyaromaticivorans
KJ130056.1.1423;Streptomyces;Streptomyces ossamyceticus
HZ485008.2.1429;Enterobacter;Averyella dalhousiensis
LF133170.1.1480;Alistipes;Alistipes senegalensis JC50
HZ485156.1.1228;Bartonella;Bartonella tamiae
HZ485255.1.1497;Catabacter;Catabacter hongkongensis
LF134034.9.1487;Helicobacter;Helicobacter winghamensis
EU672838.1.1406;Natrialba;Natrialba wudunaoensis
LF134969.4.1532;Treponema 2;Treponema phagedenis
HZ485502.1.1505;Desulfovibrio;Desulfovibrio fairfieldensis
EU652042.1.1491;Marinobacter;Marinobacter alkaliphilus
FJ532373.1.1513;Paenibacillus;Paenibacillus xylaniclasticus
KJ187041.1.1412;Pseudomonas;Pseudomonas indoloxydans
HZ486601.4.1532;Treponema 2;Treponema phagedenis
FJ532295.1.1400;Candidatus Protochlamydia;Protochlamydia naegleriophila
HZ484951.8.1404;Alkaliphilus;Alkaliphilus metalliredigens
KJ190177.1.1339;Chryseobacterium;Candidatus Chryseobacterium massiliae
FJ562215.1.1445;[Aquaspirillum] polymorphum group;Aquaspirillum polymorphum
LF135561.1.1497;Catabacter;Catabacter hongkongensis
LF135204.8.1404;Alkaliphilus;Alkaliphilus metalliredigens
HZ485739.9.1487;Helicobacter;Helicobacter winghamensis
LF133377.1.1228;Bartonella;Bartonella tamiae
FJ560597.1.1476;Allorhizobium-Neorhizobium-Pararhizobium-Rhizobium;Rhizobium kunmingense
EU747318.1.1480;Azospirillum;Azospirillum palatum
LGKO01000002.120239.121742;Thermanaerothrix;Thermanaerothrix daxensis
KJ472188.1.1362;Kocuria;Kocuria sediminis
FJ620693.1.1368;Tepidanaerobacter;Tepidanaerobacter acetatoxydans
LF136409.2.1406;Neisseria;Neisseria skkuensis
EU819061.1.1432;Brachyspira;Brachyspira corvi
EU819064.1.1431;Brachyspira;Brachyspira corvi
EU819065.1.1431;Brachyspira;Brachyspira corvi
EU819070.1.1431;Brachyspira;Brachyspira corvi
LF134500.1.1276;Phenylobacterium;Phenylobacterium zucineum
LF134377.2.1406;Neisseria;Neisseria skkuensis
EU819069.1.1431;Brachyspira;Brachyspira corvi
FJ655917.1.2383;Mycoplasma;Mycoplasma vulturii
LF134995.4.1533;Treponema 2;Treponema vincentii
KM378597.1.1417;Curtobacterium;Curtobacterium oceanosedimentum
AARG01000010.1.1267;Fusobacterium;Fusobacterium nucleatum subsp. polymorphum ATCC 10953
LF650835.2.1427;Enterobacter;Averyella dalhousiensis
LF133229.2.1429;Enterobacter;Averyella dalhousiensis
EU707854.1.1384;Candidatus Protochlamydia;Protochlamydia naegleriophila
KJ190166.1.1307;Chryseobacterium;Candidatus Chryseobacterium massiliae
FJ596184.1.1504;Tepidanaerobacter;Tepidanaerobacter acetatoxydans
LF651528.1.1467;Helicobacter;Flexispira rappini
LF133793.2.1394;Desulfovibrio;Desulfovibrio fairfieldensis
LF133922.1.1467;Helicobacter;Flexispira rappini
FJ620692.1.1421;Tepidanaerobacter;Tepidanaerobacter acetatoxydans
LF134316.1.1527;Mycobacterium;Mycobacterium lepromatosis
LF133172.8.1404;Alkaliphilus;Alkaliphilus metalliredigens
LF652577.1.1453;Treponema 2;Treponema refringens
LF135825.2.1394;Desulfovibrio;Desulfovibrio fairfieldensis
FJ838784.1.1489;Pseudoxanthomonas;Pseudoxanthomonas icgebensis
LF133529.1.1497;Catabacter;Catabacter hongkongensis
FJ654260.1.1454;Pedobacter;Pedobacter namyangjuensis
AADL01001187.1889.3345;Ferroplasma;Ferroplasma acidarmanus Type I
LG085063.1.1228;Bartonella;Bartonella tamiae
LF134971.1.1453;Treponema 2;Treponema refringens
LF136066.9.1487;Helicobacter;Helicobacter winghamensis
EU819059.1.1431;Brachyspira;Brachyspira corvi
LF135202.1.1480;Alistipes;Alistipes senegalensis JC50
LF136348.1.1527;Mycobacterium;Mycobacterium lepromatosis
FJ763637.1.1406;Neisseria;Neisseria skkuensis
KC519404.1.1317;Exiguobacterium;Exiguobacterium arabatum
LF135261.2.1429;Enterobacter;Averyella dalhousiensis
KJ575059.1.1418;Paracoccus;Paracoccus siganidrum
EU819063.1.1431;Brachyspira;Brachyspira corvi
AASE01000013.23272.24766;Chlorobium;Chlorobium ferrooxidans DSM 13031
LF135409.1.1228;Bartonella;Bartonella tamiae
EU819066.1.1431;Brachyspira;Brachyspira corvi
EU819067.1.1431;Brachyspira;Brachyspira corvi
LF137001.4.1532;Treponema 2;Treponema phagedenis
LF137027.4.1533;Treponema 2;Treponema vincentii
FJ716700.1.1528;Bhargavaea;Bhargavaea indica
KJ461696.1.1431;Exiguobacterium;Exiguobacterium arabatum
LG103907.1.1497;Catabacter;Catabacter hongkongensis
LG103755.1.1228;Bartonella;Bartonella tamiae
LF650983.1.1228;Bartonella;Bartonella tamiae
LF650778.8.1404;Alkaliphilus;Alkaliphilus metalliredigens
KM391946.1.1395;Acinetobacter;Acinetobacter oleivorans
LG104412.9.1487;Helicobacter;Helicobacter winghamensis
FJ812379.1.1393;Chryseobacterium;Candidatus Chryseobacterium massiliae
EU734803.1.1405;Arcticibacter;Pedobacter xinjiangensis
KJ433630.1.1459;Paenibacillus;Paenibacillus tylopili
EU841592.1.1425;Actinoplanes;Actinoplanes arizonaensis
FJ796079.1.1503;Pseudoxanthomonas;Pseudoxanthomonas jiangsuensis
FJ938155.1.1363;Novosphingobium;Novosphingobium sediminis
LF651922.1.1527;Mycobacterium;Mycobacterium lepromatosis
LF651399.2.1394;Desulfovibrio;Desulfovibrio fairfieldensis
LF136532.1.1276;Phenylobacterium;Phenylobacterium zucineum
EU819062.1.1431;Brachyspira;Brachyspira corvi
EU819068.1.1431;Brachyspira;Brachyspira corvi
EU857676.1.1380;Rubribacterium;Rubribacterium polymorphum
AUNC01000051.75.1569;Thalassospira;Thalassospira permensis NBRC 106175
LF135954.1.1467;Helicobacter;Flexispira rappini
LF652106.1.1276;Phenylobacterium;Phenylobacterium zucineum
FJ973518.1.1475;Marinobacter;Marinobacter alkaliphilus
LF652601.4.1533;Treponema 2;Treponema vincentii
FJ976101.1.1388;Candidatus Protochlamydia;Protochlamydia naegleriophila
LF137003.1.1453;Treponema 2;Treponema refringens
FJ984524.1.1477;Marinobacter;Marinobacter alkaliphilus
EU859974.1.1546;Mycoplasma;Mycoplasma insons
LF652575.4.1532;Treponema 2;Treponema phagedenis
LG085409.1.1505;Desulfovibrio;Desulfovibrio fairfieldensis
FJ004921.1.1425;Treponema 2;Treponema phagedenis
LG085537.1.1467;Helicobacter;Flexispira rappini
LG085162.1.1497;Catabacter;Catabacter hongkongensis
LG084858.8.1404;Alkaliphilus;Alkaliphilus metalliredigens
EU814512.1.1470;Saccharopolyspora;Saccharopolyspora endophytica
FJ876268.1.1522;Mycoplasma;Mycoplasma zalophi
LF651135.1.1497;Catabacter;Catabacter hongkongensis
LG086066.1.1276;Phenylobacterium;Phenylobacterium zucineum
LV535048.1.1497;Catabacter;Catabacter hongkongensis
FJ799008.1.1440;Marinobacter;Marinobacter nanhaiticus D15-8W
EU819060.1.1432;Brachyspira;Brachyspira corvi
KJ575013.1.1500;Kocuria;Kocuria sediminis
KJ571076.1.1423;Streptomyces;Streptomyces neopeptinius
KJ575075.1.1514;Bhargavaea;Bhargavaea indica
LV535553.9.1487;Helicobacter;Helicobacter winghamensis
LG085646.9.1487;Helicobacter;Helicobacter winghamensis
LF651640.9.1487;Helicobacter;Helicobacter winghamensis
LV536490.1.1453;Treponema 2;Treponema refringens
EU880515.1.1503;Sufflavibacter;Sufflavibacter maritimus
KM524362.1.1407;Streptomyces;Streptomyces neopeptinius
EU908049.1.1559;Heliorestis;Heliorestis acidaminivorans
LG103550.8.1404;Alkaliphilus;Alkaliphilus metalliredigens
FJ903180.1.1401;Pontibacter;Pontibacter salisaro
LG103548.1.1480;Alistipes;Alistipes senegalensis JC50
LG103607.2.1429;Enterobacter;Averyella dalhousiensis
LG104300.1.1467;Helicobacter;Flexispira rappini
AFWT01000001.66691.68207;Thiorhodococcus;Thiorhodococcus drewsii AZ1
KJ607234.1.1215;Curtobacterium;Curtobacterium oceanosedimentum
LG084915.2.1429;Enterobacter;Averyella dalhousiensis
FJ204237.1.1418;Treponema 2;Treponema phagedenis subsp. vaccae
FJ204240.1.1418;Treponema 2;Treponema phagedenis subsp. vaccae
KC708573.1.1387;Curtobacterium;Curtobacterium oceanosedimentum
KJ728675.1.1293;Acinetobacter;Acinetobacter oleivorans
FJ860275.1.1398;Thalassospira;Thalassospira permensis
FJ950737.1.1533;Halomonas;Halomonas alkalitolerans
LG105349.1.1453;Treponema 2;Treponema refringens
EU873538.1.1404;Bhargavaea;Edaphobacillus lindanitolerans
LG104878.1.1276;Phenylobacterium;Phenylobacterium zucineum
FJ931099.1.1487;Halanaerobaculum;Halanaerocella petrolearia
KM817238.1.1467;Paenibacillus;Paenibacillus tylopili
EU876661.1.1424;Rhodanobacter;Rhodanobacter xiangquanii
EU849004.1.1406;Propionivibrio;Propionivibrio militaris
FM178273.1.1464;Thiorhodococcus;Thiorhodococcus drewsii
KC514115.1.1450;Kocuria;Kocuria sediminis
KC519397.1.1483;Exiguobacterium;Exiguobacterium arabatum
KC519418.1.1414;Exiguobacterium;Exiguobacterium arabatum
KC519398.1.1206;Exiguobacterium;Exiguobacterium arabatum
KJ576793.1.1483;Massilia;Empedobacter haloabium
KJ545582.1.1281;Curtobacterium;Curtobacterium oceanosedimentum
KM878143.1.1459;Paenibacillus;Paenibacillus tylopili
KP063155.1.1379;Treponema 2;Treponema phagedenis subsp. vaccae
KP063159.1.1350;Treponema 2;Treponema phagedenis subsp. vaccae
KP063163.1.1393;Treponema 2;Treponema phagedenis subsp. vaccae
LG105373.4.1533;Treponema 2;Treponema vincentii
KP063178.1.1389;Treponema 2;Treponema phagedenis subsp. vaccae
KP063183.1.1378;Treponema 2;Treponema phagedenis subsp. vaccae
LG086508.4.1532;Treponema 2;Treponema phagedenis
LV534689.1.1480;Alistipes;Alistipes senegalensis JC50
LV534748.2.1429;Enterobacter;Averyella dalhousiensis
FKBS01000024.171.1689;Bordetella;Bordetella ansorpii
FJ976103.1.1388;Candidatus Protochlamydia;Protochlamydia naegleriophila
KC519416.1.1412;Exiguobacterium;Exiguobacterium arabatum
KJ676976.1.1413;Marinobacter;Marinobacter nanhaiticus
LG104755.2.1406;Neisseria;Neisseria skkuensis
LV535896.2.1406;Neisseria;Neisseria skkuensis
KJ676972.1.1369;Allorhizobium-Neorhizobium-Pararhizobium-Rhizobium;Rhizobium helanshanense
LV535441.1.1467;Helicobacter;Flexispira rappini
LV536488.4.1532;Treponema 2;Treponema phagedenis
KJ806352.1.1405;Acinetobacter;Acinetobacter oleivorans
KM819013.1.1429;Bhargavaea;Bhargavaea indica
FJ154518.1.1431;Acidiplasma;Ferroplasma thermophilum
FJ976102.1.1388;Candidatus Protochlamydia;Protochlamydia naegleriophila
KM878172.1.1459;Paenibacillus;Paenibacillus tylopili
FJ210722.1.1432;Roseofilum AO1-A;Pseudoscillatoria coralii BgP10_4S
LG104171.2.1394;Desulfovibrio;Desulfovibrio fairfieldensis
LV534691.8.1404;Alkaliphilus;Alkaliphilus metalliredigens
KM983423.1.1448;Acinetobacter;Acinetobacter oleivorans
LG104694.1.1527;Mycobacterium;Mycobacterium lepromatosis
LV534896.1.1228;Bartonella;Bartonella tamiae
FJ204236.1.1418;Treponema 2;Treponema phagedenis subsp. vaccae
KJ728674.1.1270;Acinetobacter;Acinetobacter oleivorans
LV535312.2.1394;Desulfovibrio;Desulfovibrio fairfieldensis
LG105347.4.1532;Treponema 2;Treponema phagedenis
FM203124.1.1486;Exiguobacterium;Exiguobacterium arabatum
KP063166.1.1397;Treponema 2;Treponema phagedenis subsp. vaccae
FJ204238.1.1418;Treponema 2;Treponema phagedenis subsp. vaccae
KJ855793.1.1360;Bacillus;Bacillus gaemokensis
KP063176.1.1378;Treponema 2;Treponema phagedenis subsp. vaccae
LV536019.1.1276;Phenylobacterium;Phenylobacterium zucineum
KP063162.1.1378;Treponema 2;Treponema phagedenis subsp. vaccae
KP063164.1.1405;Treponema 2;Treponema phagedenis subsp. vaccae
LV535835.1.1527;Mycobacterium;Mycobacterium lepromatosis
FN649460.1.1431;Mycobacterium;Mycobacterium barrassiae
LV536514.4.1533;Treponema 2;Treponema vincentii
KC693588.1.1480;Microlunatus;Microlunatus cavernae
KP063158.1.1395;Treponema 2;Treponema phagedenis subsp. vaccae
KP063180.1.1396;Treponema 2;Treponema phagedenis subsp. vaccae
LTAQ01000012.581907.583462;Bacillus;Bacillus gaemokensis
KJ806442.1.1410;Acinetobacter;Acinetobacter oleivorans
FJ210816.1.1437;Burkholderia-Caballeronia-Paraburkholderia;Burkholderia dabaoshanensis
FJ204239.1.1418;Treponema 2;Treponema phagedenis subsp. vaccae
KC854929.1.1444;Mycobacterium;Mycobacterium barrassiae
FJ176554.1.1494;Polycyclovorans;Polycyclovorans algicola
KP063157.1.1378;Treponema 2;Treponema phagedenis subsp. vaccae
KP063165.1.1380;Treponema 2;Treponema phagedenis subsp. vaccae
KP063167.1.1379;Treponema 2;Treponema phagedenis subsp. vaccae
KP063169.1.1384;Treponema 2;Treponema phagedenis subsp. vaccae
KP063175.1.1380;Treponema 2;Treponema phagedenis subsp. vaccae
LJGU01000141.96429.97971;Streptomyces;Streptomyces oceani
KJ806446.1.1371;Acinetobacter;Acinetobacter oleivorans
KJ841878.1.1517;Vibrio;Vibrio neocaledonicus
KP063161.1.1347;Treponema 2;Treponema phagedenis subsp. vaccae
KP063168.1.1380;Treponema 2;Treponema phagedenis subsp. vaccae
KJ841877.1.1517;Vibrio;Vibrio neocaledonicus
FKIF01000002.586840.588358;Bordetella;Bordetella ansorpii
FKIF01000003.1.1348;Bordetella;Bordetella ansorpii
KJ733868.1.1361;Curtobacterium;Curtobacterium oceanosedimentum
KJ806438.1.1402;Acinetobacter;Acinetobacter oleivorans
KJ806471.1.1406;Acinetobacter;Acinetobacter oleivorans
KP063156.1.1389;Treponema 2;Treponema phagedenis subsp. vaccae
KP063160.1.1370;Treponema 2;Treponema phagedenis subsp. vaccae
KP063177.1.1276;Treponema 2;Treponema phagedenis subsp. vaccae
KC844808.1.1385;Pontibacter;Pontibacter salisaro
KC907379.1.1290;Treponema 2;Treponema phagedenis subsp. vaccae
JNZG01000057.3451.4954;Streptomyces;Streptomyces erythrochromogenes
KF055009.1.1472;Paenibacillus;Paenibacillus tylopili
FN994992.1.1403;Marinilabilia;Marinilabilia nitratireducens
JZKH01000235.7.1536;Kitasatospora;Streptomyces rubellomurinus
JZKG01000364.7.1457;Streptomyces;Streptomyces rubellomurinus subsp. indigoferus
FN813515.1.1306;Marichromatium;Marichromatium chrysaorae
KF054812.1.1401;Brevundimonas;Brevundimonas olei
KC967017.1.1386;Pontibacter;Pontibacter salisaro
CCDL010000001.112.1655;Oceanobacillus;Oceanobacillus manasiensis
CCDL010000001.339758.341301;Oceanobacillus;Oceanobacillus manasiensis
LZIN01000062.145.1690;Mycobacterium;Mycobacterium sinense
LZJK01000044.3761.5307;Mycobacterium;Mycobacterium sinense
CCEJ010000017.3833.5371;Criblamydia;Criblamydia sequanensis
CCDL010000006.2449.3992;Oceanobacillus;Oceanobacillus manasiensis
LZIM01000039.145.1690;Mycobacterium;Mycobacterium sinense
LZKG01000164.3761.5307;Mycobacterium;Mycobacterium sinense
LZMF01000066.145.1690;Mycobacterium;Mycobacterium sinense
CP019343.237106.238643;Oceanicoccus;Oceanicoccus sagamiensis
LDRB01000078.3883.5321;Curtobacterium;Curtobacterium oceanosedimentum
CP020477.2236032.2237533;Acidianus;Acidianus manzaensis
LDRC01000061.262.1791;Curtobacterium;Curtobacterium oceanosedimentum
LDTZ01000042.21.1547;Gordonia;Gordonia jacobaea
ABVL01000001.656285.657751;Chthoniobacter;Chthoniobacter flavus Ellin428
AOLR01000014.29797.31255;Haloarcula;Haloarcula sinaiiensis ATCC 33800
CP019343.2205861.2207398;Oceanicoccus;Oceanicoccus sagamiensis
DQ000673.1.1514;Streptomyces;Parastreptomyces abscessus
D45202.1.1433;Oleomonas;Oleomonas sagaranensis
FVZB01000005.938388.939934;Halobacillus;Halobacillus hunanensis
D14129.1.1471;Haloarcula;Haloarcula sinaiiensis
AQCF01000036.149252.150780;Treponema 2;Treponema phagedenis 4A
FVZB01000005.68047.69593;Halobacillus;Halobacillus hunanensis
DQ065758.1.1498;Treponema 2;Treponema zioleckii
DQ158206.1.1375;Enterobacter;Averyella dalhousiensis
DQ104408.1.1450;Erythrobacter;Citromicrobium bathyomarinum JL354
AQCF01000038.80553.82081;Treponema 2;Treponema phagedenis 4A
AEFH01000172.591.2127;Treponema 2;Treponema phagedenis F0421
DQ100164.1.1421;Rickettsia;Rickettsia monacensis
DQ158204.1.1375;Enterobacter;Averyella dalhousiensis
MJIH01000001.596977.598511;Peptoniphilus;Peptoniphilus grossensis
DQ177343.1.1321;Methanogenium;Methanogenium boonei
FBWI01000007.242996.244475;Allorhizobium-Neorhizobium-Pararhizobium-Rhizobium;Agrobacterium fabrum str. J-07
DQ386263.1.1517;Ferritrophicum;Ferritrophicum radicicola
DQ386858.1.1475;Sideroxydans;Sideroxydans paludicola
DQ158205.1.1375;Enterobacter;Averyella dalhousiensis
DQ390446.1.1229;Thiobacillus;Thiobacillus sajanensis
D14130.1.1470;Haloarcula;Haloarcula sinaiiensis
DQ186613.1.1401;Micavibrio;Micavibrio aeruginosavorus EPB
LIQX01000228.216.1722;Streptomyces;Streptomyces ossamyceticus
MJIH01000001.775304.776838;Peptoniphilus;Peptoniphilus grossensis
FBWI01000009.118164.119636;Allorhizobium-Neorhizobium-Pararhizobium-Rhizobium;Agrobacterium fabrum str. J-07
DQ395176.1.1246;Bartonella;Bartonella tamiae
DQ057079.1.1397;Desulfobacter;Desulfobacter psychrotolerans
DQ481464.1.1429;Enterobacter;Averyella dalhousiensis
DQ112664.1.1479;Rheinheimera;Arsukibacterium ikkense
DQ124300.1.1479;Criblamydia;Criblamydia sequanensis
FVZB01000005.311710.313256;Halobacillus;Halobacillus hunanensis
DQ530426.1.1489;Mycoplasma;Mycoplasma zalophi
DQ538394.1.1408;Bartonella;Bartonella australis
DQ632609.1.1467;Candidatus Protochlamydia;Protochlamydia naegleriophila
DQ186612.1.1401;Micavibrio;Micavibrio aeruginosavorus
DQ767881.1.1555;Pelosinus;Psychrosinus fermentans
DQ767884.1.1551;Desulfovibrio;Desulfovibrio lacusfryxellense
DQ659429.1.1481;Cycloclasticus;Cycloclasticus spirillensus
KU586299.1.1221;Rickettsia;Rickettsia monacensis
DQ767885.1.1493;Desulfovibrio;Desulfovibrio lacusfryxellense
DQ767889.1.1495;Desulfovibrio;Desulfovibrio lacusfryxellense
DQ868538.1.1459;Zunongwangia;Sufflavibacter maritimus
DQ767886.1.1513;Desulfovibrio;Desulfovibrio lacusfryxellense
KU586302.1.1221;Rickettsia;Rickettsia monacensis
FBWI01000008.731882.733354;Allorhizobium-Neorhizobium-Pararhizobium-Rhizobium;Agrobacterium fabrum str. J-07
DQ916146.1.1450;Meiothermus;Meiothermus rosaceus
JMIH01000044.39.1569;Anditalea;Anditalea andensis
DQ767887.1.1390;Desulfovibrio;Desulfovibrio lacusfryxellense
KU586296.1.1221;Rickettsia;Rickettsia monacensis
KU586304.1.1221;Rickettsia;Rickettsia monacensis
DQ314740.1.1445;Acinetobacter;Acinetobacter antiviralis
DQ498828.1.1527;Thiocapsa;Thiocapsa imhoffii
CDNC01000046.30873.32408;Treponema 2;Treponema phagedenis
MJIH01000001.945367.946901;Peptoniphilus;Peptoniphilus grossensis
DQ993337.1.1491;Zunongwangia;Sufflavibacter maritimus
DQ355146.1.1403;Janthinobacterium;Janthinobacterium svalbardensis
DQ497799.1.1442;Exiguobacterium;Exiguobacterium himgiriensis
DQ390445.1.1448;Thiobacillus;Thiobacillus sajanensis
DQ522159.1.1455;Mycoplasma;Mycoplasma insons
DQ767888.1.1552;Desulfovibrio;Desulfovibrio lacusfryxellense
KU586120.1.1314;Rickettsia;Rickettsia monacensis
KU586306.1.1221;Rickettsia;Rickettsia monacensis
KU586298.1.1221;Rickettsia;Rickettsia monacensis
KU586305.1.1221;Rickettsia;Rickettsia monacensis
CDNC01000010.16620.18156;Treponema 2;Treponema phagedenis
DQ993339.1.1484;Zunongwangia;Sufflavibacter maritimus
DQ530428.1.1489;Mycoplasma;Mycoplasma zalophi
JQMM01000001.439360.440875;Porticoccus;Porticoccus hydrocarbonoclasticus MCTG13d
DQ530427.1.1489;Mycoplasma;Mycoplasma zalophi
DQ767883.1.1557;Desulfovibrio;Desulfovibrio lacusfryxellense
DQ673323.1.1320;Microbacterium;Microbacterium pyrexiae
KU586307.1.1221;Rickettsia;Rickettsia monacensis
DQ916277.1.1438;Pseudomonas;Pseudomonas indoloxydans
DQ993340.1.1487;Zunongwangia;Sufflavibacter maritimus
JOMH01000001.1092401.1093910;Polycyclovorans;Polycyclovorans algicola TG408
ASHJ01000914.4404.5936;Vibrio;Vibrio shiloi A203
JOTN01000063.52.1319;Bacillus;Bacillus manliponensis
AGFU01000013.3986.5455;Sphingomonas;Sphingomonas elodea ATCC 31461
JOMH01000001.1918166.1919675;Polycyclovorans;Polycyclovorans algicola TG408
AYES01000009.666.2191;Acinetobacter;Acinetobacter oleivorans CIP 110421
FTPL01000008.3603.5157;Bhargavaea;Edaphobacillus lindanitolerans
AMQH01000037.83.1573;Clostridium sensu stricto 13;Clostridium tunisiense TJ
AYMG01000035.3947.5448;Pedobacter;Pedobacter jeongneungensis
AYES01000007.457866.459391;Acinetobacter;Acinetobacter oleivorans CIP 110421
AGQV01000001.853038.854514;Gluconobacter;Gluconobacter morbifer G707
ASJA01000004.146378.147825;Euryhalocaulis;Euryhalocaulis caribicus
LAWX01000020.26146.27672;Mycobacterium;Mycobacterium lepromatosis
AYES01000010.31284.32809;Acinetobacter;Acinetobacter oleivorans CIP 110421
LAYJ01000016.8.1475;Catabacter;Catabacter hongkongensis
AMZO01000005.31.1562;Photobacterium;Photobacterium marinum
AMGO01000012.85682.87129;Oceaniovalibus;Oceaniovalibus guishaninsula JLT2003
LANP01000010.9898.11388;Orientia;Orientia chuto str. Fuller
AGFR01000021.4812.6294;Commensalibacter;Commensalibacter intestini A911
BBCB01000134.3439.4971;Desulfovibrio;Desulfovibrio brasiliensis JCM 12178
LAHO01000036.142.1689;Rheinheimera;Arsukibacterium ikkense
LAYJ01000068.198512.199979;Catabacter;Catabacter hongkongensis
LXTB01000088.14630.16172;Mycobacterium;Mycobacterium mungi
LLXU01000141.3673.5219;Stenotrophomonas;Stenotrophomonas panacihumi
BBSS01000029.3829.5346;Acinetobacter;Acinetobacter oleivorans
BBBL01000476.1.1308;Thermus;Thermus kawarayensis JCM 12314
CALY02000082.1.1445;Bartonella;Bartonella rattimassiliensis 15908
CAHI01000040.8.1515;Alistipes;Alistipes senegalensis JC50
FMYK01000019.3771.5310;Acinetobacter;Acinetobacter seohaensis
CAET01000089.20.1548;Bacillus;Bacillus timonensis
CALY02000061.83954.85422;Bartonella;Bartonella rattimassiliensis 15908
ATFC01000009.190076.191613;Treponema 2;Treponema vincentii F0403
ATFC01000013.138146.139683;Treponema 2;Treponema vincentii F0403
JHQK01000023.391.1928;Acinetobacter;Acinetobacter oleivorans
JXDG01000107.143.1671;Pseudomonas;Pseudomonas batumici
JXCJ01000001.3193620.3195135;Gilvimarinus;Gilvimarinus agarilyticus
JXDG01000105.184.1712;Pseudomonas;Pseudomonas batumici
JXCJ01000001.1133157.1134672;Gilvimarinus;Gilvimarinus agarilyticus
ADAE01000015.413.1876;Erythrobacter;Citromicrobium bathyomarinum JL354
JRPY01000044.89286.90837;Mycobacterium;Mycobacterium lepromatosis
ADDB02000001.180189.181695;Fusobacterium;Fusobacterium nucleatum subsp. polymorphum F0401
ADDB02000001.92551.94056;Fusobacterium;Fusobacterium nucleatum subsp. polymorphum F0401
ADDB02000001.1628168.1629674;Fusobacterium;Fusobacterium nucleatum subsp. polymorphum F0401
ADDB02000001.1982885.1984391;Fusobacterium;Fusobacterium nucleatum subsp. polymorphum F0401
JXCJ01000001.1278011.1279526;Gilvimarinus;Gilvimarinus agarilyticus
ADDB02000001.2408815.2410321;Fusobacterium;Fusobacterium nucleatum subsp. polymorphum F0401
APLQ01000011.2114489.2116028;Marinobacter;Marinobacter nanhaiticus D15-8W
LVCM01000055.108.1645;Pseudoalteromonas;Pseudoalteromonas telluritireducens
ACDO01000013.781.2259;Helicobacter;Helicobacter winghamensis ATCC BAA-430
ACNP01000064.20860.22395;Leptospirillum;Leptospirillum ferrodiazotrophum
LELK01000003.66.1621;Bacillus;Anaerobacillus macyae
ACYH01000036.150.1667;Treponema 2;Treponema vincentii ATCC 35580
AIMG01000010.428578.430052;Bartonella;Bartonella tamiae Th307
AIMB01000009.492.1966;Bartonella;Bartonella tamiae Th239
FNPK01000055.3856.5397;Acinetobacter;Acinetobacter kyonggiensis
AIMB01000008.823148.824622;Bartonella;Bartonella tamiae Th239
AILY01000032.47686.49162;Bartonella;Bartonella rattimassiliensis 15908
AIMG01000010.304466.305940;Bartonella;Bartonella tamiae Th307
LT617082.1.1321;Bacillus;Bacillus timonensis
